,ORIGEN,DESTINO,POR RENDIR S/
0,"Divemotor Panamericana Sur, Lima, Peru","Macropolis, Lima, Peru",0
2,"Nicolas Ayllon, Lima, Peru","Trujillo, Peru",250
3,"Lurin, Lima, Peru","Trujillo, Peru",250
4,Arequipa,AQP Sistemas S.A.C,150
5,"Lurin, Lima, Peru","Arequipa, Peru",300
10,"Macropolis, Lima, Peru","Divemotor Panamericana Sur, Lima, Peru",50
11,"Macropolis, Lima, Peru","Divemotor Panamericana Sur, Lima, Peru",50
14,"Lurin, Lima, Peru","Divemotor Panamericana Sur, Lima, Peru",50
15,"Lurin, Lima, Peru","Divemotor Panamericana Sur, Lima, Peru",50
16,"Lurin, Lima, Peru","Divemotor Panamericana Sur, Lima, Peru",50
17,"Arequipa, Peru","Nicolas Ayllon, Lima, Peru",400
18,"Arequipa, Peru","Nicolas Ayllon, Lima, Peru",300
20,"Remsina sac, Lima, Peru","Lurin, Lima, Peru",50
21,"Remsina sac, Lima, Peru","Lurin, Lima, Peru",50
22,"Trujillo, Peru","Nicolas Ayllon, Lima, Peru",250
23,"Trujillo, Peru","Nicolas Ayllon, Lima, Peru",250
24,"Huaraz, Peru","Chiclayo, Peru",300
28,"Divemotor Panamericana Sur, Lima, Peru","Cerro de Pasco, Peru",200
29,"Lurin, Lima, Peru","Trujillo, Peru",200
30,"Lurin, Lima, Peru","Nicolas Ayllon, Lima, Peru",50
31,"Nicolas Ayllon, Lima, Peru","Trujillo, Peru",400
32,"Nicolas Ayllon, Lima, Peru","Trujillo, Peru",250
35,"Icalu, Lima, Peru","Trujillo, Peru",250
36,"Icalu, Lima, Peru","Trujillo, Peru",250
37,"Divemotor Panamericana Sur, Lima, Peru","Cerro de Pasco, Peru",200
39,"Famedi, Lima, Peru","Lurin, Lima, Peru",100
40,"Famedi, Lima, Peru","Lurin, Lima, Peru",50
45,"Lurin, Lima, Peru","Arequipa, Peru",500
47,"Lurin, Lima, Peru","Arequipa, Peru",350
48,"Lurin, Lima, Peru","Arequipa, Peru",350
49,"Lurin, Lima, Peru","Arequipa, Peru",350
50,"Lurin, Lima, Peru","Arequipa, Peru",350
52,"Lurin, Lima, Peru","Arequipa, Peru",350
54,"Trujillo, Peru","Divemotor Panamericana Sur, Lima, Peru",200
55,"Nicolas Ayllon, Lima, Peru","Divemotor Panamericana Sur, Lima, Peru",100
56,"Cajamarca, Peru","Suc. Lambayeque, Peru",200
57,"Suc. Huancayo, Peru","Ayacucho, Peru",400
88,"Lurin, Lima, Peru","Arequipa, Peru",350
89,"Lurin, Lima, Peru","Arequipa, Peru",350
90,"Lurin, Lima, Peru","Arequipa, Peru",350
91,"Lurin, Lima, Peru","Cerro de Pasco, Peru",400
92,"Lurin, Lima, Peru","Cerro de Pasco, Peru",200
93,"Lurin, Lima, Peru","Cerro de Pasco, Peru",200
97,"Nicolas Ayllon, Lima, Peru","Divemotor Panamericana Sur, Lima, Peru",400
130,"San Martin de Porres, Lima, Peru","Lurin, Lima, Peru",50
209,"Lurin, Lima, Peru","Icalu, Lima, Peru",50
210,"Z1, Lima, Peru","Lurin, Lima, Peru",50
211,"Z1, Lima, Peru","Lurin, Lima, Peru",50
212,"Z1, Lima, Peru","Lurin, Lima, Peru",50
213,"Z1, Lima, Peru","Lurin, Lima, Peru",50
214,"Z1, Lima, Peru","Lurin, Lima, Peru",50
215,"Macropolis, Lima, Peru","Remsina sac, Lima, Peru",50
216,"Macropolis, Lima, Peru","Remsina sac, Lima, Peru",50
217,"Macropolis, Lima, Peru","Remsina sac, Lima, Peru",50
219,"Lurin, Lima, Peru","Divemotor Panamericana Sur, Lima, Peru",50
220,"Famedi, Lima, Peru","Lurin, Lima, Peru",150
221,"Famedi, Lima, Peru","Lurin, Lima, Peru",50
222,"Famedi, Lima, Peru","Lurin, Lima, Peru",50
229,"Sahuanay & cia S.A.C, Lima, Peru","Lurin, Lima, Peru",50
230,"Arequipa, Peru","RMB, Lima, Peru",500
231,"Lurin, Lima, Peru","Chorrillos, Lima, Peru",50
232,"Lurin, Lima, Peru","Chorrillos, Lima, Peru",50
236,"Lurin, Lima, Peru","Chorrillos, Lima, Peru",50
239,"Lurin, Lima, Peru","Local Cliente / Famedi, Lima, Peru",50
240,"Divemotor Panamericana Sur, Lima, Peru","Trujillo, Peru",150
241,"Divemotor Panamericana Sur, Lima, Peru","Trujillo, Peru",150
248,"Lurin, Lima, Peru","Trujillo, Peru",200
249,"Macropolis, Lima, Peru","Av. Canada, Lima, Peru",150
250,"Macropolis, Lima, Peru","RMB, Lima, Peru",50
251,"Macropolis, Lima, Peru","RMB, Lima, Peru",50
252,"Macropolis, Lima, Peru","RMB, Lima, Peru",50
253,"Macropolis, Lima, Peru","RMB, Lima, Peru",50
254,"Lurin, Lima, Peru","RMB, Lima, Peru",50
255,"Lurin, Lima, Peru","RMB, Lima, Peru",50
256,"Lurin, Lima, Peru","Divemotor Panamericana Sur, Lima, Peru",100
257,"Macropolis, Lima, Peru","Remsina sac, Lima, Peru",50
258,"Macropolis, Lima, Peru","Remsina sac, Lima, Peru",50
259,"Macropolis, Lima, Peru","Remsina sac, Lima, Peru",50
260,"Av. Canada, Lima, Peru","Trujillo, Peru",200
261,"Macropolis, Lima, Peru","RMB, Lima, Peru",50
264,"Nicolas Ayllon, Lima, Peru","Faucett, Lima, Peru",50
266,"Remsina sac, Lima, Peru","Lurin, Lima, Peru",50
267,"Remsina sac, Lima, Peru","Lurin, Lima, Peru",50
268,"Remsina sac, Lima, Peru","Lurin, Lima, Peru",50
270,"Faucett, Lima, Peru","Nicolas Ayllon, Lima, Peru",50
271,"Icalu, Lima, Peru","Lurin, Lima, Peru",50
272,"Lurin, Lima, Peru","Suc. Piura, Peru",350
273,"Lurin, Lima, Peru","Trujillo, Peru",250
274,"Lurin, Lima, Peru","Trujillo, Peru",250
275,"Macropolis, Lima, Peru","Arequipa, Peru",250
276,"Macropolis, Lima, Peru","Arequipa, Peru",250
284,"Macropolis, Lima, Peru","Remsina sac, Lima, Peru",50
285,"Macropolis, Lima, Peru","Remsina sac, Lima, Peru",50
286,"Macropolis, Lima, Peru","Remsina sac, Lima, Peru",50
288,"Macropolis, Lima, Peru","Cusco, Peru",300
289,"Lurin, Lima, Peru","Divemotor Panamericana Sur, Lima, Peru",50
290,"Cajamarca, Peru","Piura, Peru",200
291,"Macropolis, Lima, Peru","Divemotor Panamericana Sur, Lima, Peru",50
292,"Macropolis, Lima, Peru","Divemotor Panamericana Sur, Lima, Peru",50
293,"Macropolis, Lima, Peru","Divemotor Panamericana Sur, Lima, Peru",50
294,"Macropolis, Lima, Peru","Divemotor Panamericana Sur, Lima, Peru",50
302,"Macropolis, Lima, Peru","Canada, Lima, Peru",50
305,"Remsina sac, Lima, Peru","Lurin, Lima, Peru",50
307,"Lurin, Lima, Peru","Inka lider Automotriz, Peru",200
308,"Lurin, Lima, Peru","Inka lider Automotriz, Peru",200
309,"Lurin, Lima, Peru","Inka lider Automotriz, Peru",200
310,"Lurin, Lima, Peru","Inka lider Automotriz, Peru",200
311,"Faucett, Lima, Peru","Lurin, Lima, Peru",50
312,"Macropolis, Lima, Peru","Remsina sac, Lima, Peru",50
313,"Macropolis, Lima, Peru","Remsina sac, Lima, Peru",50
314,"Macropolis, Lima, Peru","Remsina sac, Lima, Peru",50
315,"Faucett, Lima, Peru","Lurin, Lima, Peru",50
316,"Remsina sac, Lima, Peru","Lurin, Lima, Peru",50
317,"Remsina sac, Lima, Peru","Lurin, Lima, Peru",50
318,"Macropolis, Lima, Peru","Divemotor Panamericana Sur, Lima, Peru",50
319,"Macropolis, Lima, Peru","Divemotor Panamericana Sur, Lima, Peru",50
320,"Macropolis, Lima, Peru","Divemotor Panamericana Sur, Lima, Peru",50
324,"Incamotors Arequipa, Peru","Macropolis, Lima, Peru",250
332,"Macropolis, Lima, Peru","Remsina sac, Lima, Peru",50
337,"Lurin, Lima, Peru","Trujillo, Peru",200
338,"Lurin, Lima, Peru","Jehova Work S.A.C, Peru",200
339,"Macropolis, Lima, Peru","Trujillo, Peru",200
343,"Macropolis, Lima, Peru","Remsina sac, Lima, Peru",50
344,"Macropolis, Lima, Peru","Remsina sac, Lima, Peru",50
345,"Macropolis, Lima, Peru","Remsina sac, Lima, Peru",50
346,"Macropolis, Lima, Peru","Famedi, Lima, Peru",50
348,"Mcm, Lima, Peru","Lurin, Lima, Peru",50
350,"Macropolis, Lima, Peru","Divemotor Panamericana Sur, Lima, Peru",50
351,"Macropolis, Lima, Peru","Divemotor Panamericana Sur, Lima, Peru",50
352,"Macropolis, Lima, Peru","Divemotor Panamericana Sur, Lima, Peru",50
353,"Macropolis, Lima, Peru","Divemotor Panamericana Sur, Lima, Peru",50
354,"Suc. Huancayo, Peru","Lurin, Lima, Peru",200
358,"Remsina sac, Lima, Peru","Lurin, Lima, Peru",50
359,"Remsina sac, Lima, Peru","Lurin, Lima, Peru",50
360,"Remsina sac, Lima, Peru","Lurin, Lima, Peru",50
364,"Lurin, Lima, Peru","Trujillo, Peru",200
366,"Divemotor Panamericana Sur, Lima, Peru","Cerro de Pasco, Peru",200
367,"Cusco, Peru","Macropolis, Lima, Peru",150
368,"Trujillo, Peru","Tumbes, Peru",350
369,"Suc. Piura, Peru","Tumbes, Peru",350
370,"Suc. Piura, Peru","Tumbes, Peru",350
373,"Samred, Lima, Peru","Lurin, Lima, Peru",0
374,"Samred, Lima, Peru","Lurin, Lima, Peru",0
375,"Samred, Lima, Peru","Lurin, Lima, Peru",0
376,"Macropolis, Lima, Peru","Remsina sac, Lima, Peru",50
377,"Macropolis, Lima, Peru","Remsina sac, Lima, Peru",50
378,"Macropolis, Lima, Peru","Remsina sac, Lima, Peru",50
379,"Macropolis, Lima, Peru","Solis, Lima, Peru",50
380,"Macropolis, Lima, Peru","Apple Glass, Lima, Peru",50
382,"Lurin, Lima, Peru","Arequipa, Peru",300
383,"Lurin, Lima, Peru","Arequipa, Peru",700
384,"Remsina sac, Lima, Peru","Lurin, Lima, Peru",0
385,"Remsina sac, Lima, Peru","Lurin, Lima, Peru",0
386,"Remsina sac, Lima, Peru","Lurin, Lima, Peru",0
387,"Lurin, Lima, Peru","Divemotor Panamericana Sur, Lima, Peru",600
388,"Lurin, Lima, Peru","Divemotor Panamericana Sur, Lima, Peru",600
389,"Macropolis, Lima, Peru","Metalval, Peru",1200
390,"Macropolis, Lima, Peru","Metalval, Peru",1200
391,"Macropolis, Lima, Peru","Metalval, Peru",0
392,"Macropolis, Lima, Peru","Metalval, Peru",0
393,Arequipa,Estadio UNSA,0
394,Estadio UNSA,Arequipa,0
395,"Lurin, Lima, Peru","Divemotor Panamericana Sur, Lima, Peru",0
396,"Lurin, Lima, Peru","Divemotor Panamericana Sur, Lima, Peru",0
397,"Lurin, Lima, Peru","Divemotor Panamericana Sur, Lima, Peru",0
398,"Lurin, Lima, Peru","Divemotor Panamericana Sur, Lima, Peru",0
399,"Lurin, Lima, Peru","Divemotor Panamericana Sur, Lima, Peru",0
400,"Lurin, Lima, Peru","Divemotor Panamericana Sur, Lima, Peru",0
401,"Lurin, Lima, Peru","Divemotor Panamericana Sur, Lima, Peru",0
402,"Lurin, Lima, Peru","Divemotor Panamericana Sur, Lima, Peru",0
403,"Trujillo, Peru","Huaraz, Peru",300
404,"Puente Piedra, Lima, Peru","Lurin, Lima, Peru",50
405,"Lurin, Lima, Peru","Divemotor Panamericana Sur, Lima, Peru",50
406,"Macropolis, Lima, Peru","Samred, Lima, Peru",50
407,"Macropolis, Lima, Peru","Samred, Lima, Peru",50
409,"Faucett, Lima, Peru","Divemotor Panamericana Sur, Lima, Peru",50
410,"Macropolis, Lima, Peru","Remsina sac, Lima, Peru",50
411,"Macropolis, Lima, Peru","Remsina sac, Lima, Peru",50
412,"Macropolis, Lima, Peru","Remsina sac, Lima, Peru",50
413,"Macropolis, Lima, Peru","Trujillo, Peru",300
414,"Av. Canada, Lima, Peru","Trujillo, Peru",350
415,"Remsina sac, Lima, Peru","Lurin, Lima, Peru",50
416,"Remsina sac, Lima, Peru","Lurin, Lima, Peru",50
417,"Remsina sac, Lima, Peru","Lurin, Lima, Peru",50
418,"Lurin, Lima, Peru","Cajamarca, Peru",330
419,"Macropolis, Lima, Peru","Trujillo, Peru",250
420,"Lurin, Lima, Peru","Incamotors Arequipa, Peru",250
422,"Macropolis, Lima, Peru","Divemotor Panamericana Sur, Lima, Peru",50
423,"Macropolis, Lima, Peru","Divemotor Panamericana Sur, Lima, Peru",50
424,"Macropolis, Lima, Peru","Divemotor Panamericana Sur, Lima, Peru",50
425,"Divemotor Panamericana Sur, Lima, Peru","Lurin, Lima, Peru",0
426,"Divemotor Panamericana Sur, Lima, Peru","Lurin, Lima, Peru",0
427,"Divemotor Panamericana Sur, Lima, Peru","Macropolis, Lima, Peru",0
428,"Divemotor Panamericana Sur, Lima, Peru","Macropolis, Lima, Peru",0
429,"Macropolis, Lima, Peru","RMB, Lima, Peru",0
432,"Nicolas Ayllon, Lima, Peru","Lurin, Lima, Peru",50
433,"Macropolis, Lima, Peru","Divemotor Panamericana Sur, Lima, Peru",50
434,"Macropolis, Lima, Peru","Divemotor Panamericana Sur, Lima, Peru",50
435,"Macropolis, Lima, Peru","Divemotor Panamericana Sur, Lima, Peru",50
436,"Divemotor Panamericana Sur, Lima, Peru","Lurin, Lima, Peru",0
437,"Macropolis, Lima, Peru","Samred, Lima, Peru",0
438,"Macropolis, Lima, Peru","Samred, Lima, Peru",0
439,"Macropolis, Lima, Peru","Samred, Lima, Peru",0
440,"Lurin, Lima, Peru","Suc. Lambayeque, Peru",450
441,"Lurin, Lima, Peru","Concesionario Tacna, Peru",350
442,"Lurin, Lima, Peru","Local Del Cliente (Chilca), Lima, Peru",50
443,"Macropolis, Lima, Peru","RMB, Lima, Peru",0
444,"Macropolis, Lima, Peru","RMB, Lima, Peru",0
445,"Lurin, Lima, Peru","Divemotor Panamericana Sur, Lima, Peru",50
446,"RMB, Lima, Peru","Samred, Lima, Peru",0
447,"Lurin, Lima, Peru","Arequipa, Peru",300
448,"Av. Canada, Lima, Peru","Lurin, Lima, Peru",0
449,"Macropolis, Lima, Peru","MCM SOLUTIONS srl, Lima, Peru",0
450,"Apple Glass, Lima, Peru","Lurin, Lima, Peru",0
451,"Lurin, Lima, Peru","Cusco, Peru",0
452,"Lurin, Lima, Peru","Cusco, Peru",400
453,"Remsina sac, Lima, Peru","Lurin, Lima, Peru",0
454,"Remsina sac, Lima, Peru","Lurin, Lima, Peru",0
455,"Remsina sac, Lima, Peru","Lurin, Lima, Peru",50
456,"Lurin, Lima, Peru","Arequipa, Peru",0
457,"Apple Glass, Lima, Peru","Lurin, Lima, Peru",150
458,"Lurin, Lima, Peru","Jehova Work S.A.C, Peru",0
459,"Lurin, Lima, Peru","Jehova Work S.A.C, Peru",0
460,"Lurin, Lima, Peru","Jehova Work S.A.C, Peru",200
461,"Macropolis, Lima, Peru","RMB, Lima, Peru",0
462,"Macropolis, Lima, Peru","RMB, Lima, Peru",0
463,"Macropolis, Lima, Peru","RMB, Lima, Peru",50
464,"Macropolis, Lima, Peru","RMB, Lima, Peru",0
465,"Macropolis, Lima, Peru","RMB, Lima, Peru",0
466,"Macropolis, Lima, Peru","RMB, Lima, Peru",0
467,"Macropolis, Lima, Peru","RMB, Lima, Peru",0
473,"Metalval, Peru","Divemotor Panamericana Sur, Lima, Peru",200
474,"Metalval, Peru","Divemotor Panamericana Sur, Lima, Peru",200
475,"Lurin, Lima, Peru","Divemotor Panamericana Sur, Lima, Peru",50
476,"Macropolis, Lima, Peru","RMB, Lima, Peru",50
477,"Comisaria Pachacamac, Lima, Peru","Macropolis, Lima, Peru",0
478,"Suc. Piura, Peru","Lurin, Lima, Peru",400
479,"Suc. Piura, Peru","Lurin, Lima, Peru",500
480,"Nicolas Ayllon, Lima, Peru","Solis, Lima, Peru",0
481,"Canada, Lima, Peru","Cerro de Pasco, Peru",200
482,"Macropolis, Lima, Peru","Av. Canada, Lima, Peru",50
483,"Lurin, Lima, Peru","Arequipa, Peru",300
484,Arequipa,Local Exhibicion Arequipa,0
485,Arequipa,Local Exhibicion Arequipa,0
486,"Macropolis, Lima, Peru","RMB, Lima, Peru",0
487,"Remsina sac, Lima, Peru","Lurin, Lima, Peru",50
488,"Remsina sac, Lima, Peru","Lurin, Lima, Peru",50
489,"Remsina sac, Lima, Peru","Lurin, Lima, Peru",50
490,"Lurin, Lima, Peru","Cusco, Peru",350
491,"Nicolas Ayllon, Lima, Peru","Suc. Huancayo, Peru",200
492,"Nicolas Ayllon, Lima, Peru","Suc. Huancayo, Peru",200
493,"Nicolas Ayllon, Lima, Peru","Suc. Huancayo, Peru",200
494,"Remsina sac, Lima, Peru","Macropolis, Lima, Peru",0
495,"Lurin, Lima, Peru","Suc. Lambayeque, Peru",350
496,"Nicolas Ayllon, Lima, Peru","Local Exhibicion Nasca, Peru",300
498,"Divemotor Panamericana Sur, Lima, Peru","Lurin, Lima, Peru",0
499,"Divemotor Panamericana Sur, Lima, Peru","Macropolis, Lima, Peru",50
500,"Divemotor Panamericana Sur, Lima, Peru","Lurin, Lima, Peru",100
501,"Divemotor Panamericana Sur, Lima, Peru","Macropolis, Lima, Peru",50
502,"Macropolis, Lima, Peru","Puente Piedra, Lima, Peru",50
503,"Lurin, Lima, Peru","Divemotor Panamericana Sur, Lima, Peru",50
504,"Faucett, Lima, Peru","Canada, Lima, Peru",0
505,"Lurin, Lima, Peru","Trujillo, Peru",300
506,"Lurin, Lima, Peru","Trujillo, Peru",300
507,"Lurin, Lima, Peru","Local Cliente (Huachipa), Lima, Peru",0
508,"Lurin, Lima, Peru","Trujillo, Peru",300
509,"Mercobus, Lima, Peru","Lurin, Lima, Peru",50
510,"Chosica, Lima, Peru","Av. Canada, Lima, Peru",0
511,"Metalval, Peru","Divemotor Ayllon, Peru",250
512,"Metalval, Peru","Divemotor Panamericana Sur, Lima, Peru",250
513,"Metalval, Peru","Divemotor Panamericana Sur, Lima, Peru",470
514,"Remsina sac, Lima, Peru","Lurin, Lima, Peru",50
515,"Remsina sac, Lima, Peru","Lurin, Lima, Peru",50
516,"Lurin, Lima, Peru","Trujillo, Peru",300
517,"Lurin, Lima, Peru","Trujillo, Peru",300
518,"Lurin, Lima, Peru","Trujillo, Peru",300
519,"Famedi, Lima, Peru","Lurin, Lima, Peru",0
520,"RMB, Lima, Peru","Lurin, Lima, Peru",0
521,"RMB, Lima, Peru","Lurin, Lima, Peru",0
522,"Remsina sac, Lima, Peru","Lurin, Lima, Peru",50
523,"Macropolis, Lima, Peru","Faucett, Lima, Peru",50
525,"Arequipa, Peru","Lurin, Lima, Peru",200
526,"Lurin, Lima, Peru","Remsina sac, Lima, Peru",50
527,"Macropolis, Lima, Peru","Faucett, Lima, Peru",50
529,"RMB, Lima, Peru","Lurin, Lima, Peru",0
530,"RMB, Lima, Peru","Lurin, Lima, Peru",0
531,"Macropolis, Lima, Peru","Divemotor Panamericana Sur, Lima, Peru",50
532,"Faucett, Lima, Peru","Lurin, Lima, Peru",50
533,"Canada, Lima, Peru","Apple Bus, Lima, Peru",50
534,"Nicolas Ayllon, Lima, Peru","Trujillo, Peru",200
535,Trujillo,Local Cliente Trujillo,0
536,Trujillo,Local Cliente Trujillo,0
537,"Divemotor Panamericana Sur, Lima, Peru","Lurin, Lima, Peru",0
538,"Apple Bus, Lima, Peru","Macropolis, Lima, Peru",0
539,"Apple Bus, Lima, Peru","Macropolis, Lima, Peru",50
540,"Apple Glass, Lima, Peru","Canada, Lima, Peru",50
541,"Lurin, Lima, Peru","Arequipa, Peru",250
542,"Famedi, Lima, Peru","Lurin, Lima, Peru",50
543,"Faucett, Lima, Peru","Lurin, Lima, Peru",50
544,"Faucett, Lima, Peru","Macropolis, Lima, Peru",50
545,"Faucett, Lima, Peru","Macropolis, Lima, Peru",0
548,"Apple Glass, Lima, Peru","Lurin, Lima, Peru",50
549,"Lurin, Lima, Peru","Local Cliente Tarma, Peru",200
550,"Lurin, Lima, Peru","Local Cliente Tarma, Peru",200
551,"Divemotor Panamericana Sur, Lima, Peru","Lurin, Lima, Peru",0
552,"Divemotor Panamericana Sur, Lima, Peru","Lurin, Lima, Peru",0
553,"Divemotor Panamericana Sur, Lima, Peru","Macropolis, Lima, Peru",50
554,"Divemotor Panamericana Sur, Lima, Peru","Macropolis, Lima, Peru",0
555,"RMB, Lima, Peru","Rmb Chilca, Lima, Peru",50
556,"RMB, Lima, Peru","Rmb Chilca, Lima, Peru",50
557,"RMB, Lima, Peru","Rmb Chilca, Lima, Peru",50
558,"RMB, Lima, Peru","Rmb Chilca, Lima, Peru",50
559,"RMB, Lima, Peru","Rmb Chilca, Lima, Peru",50
560,"RMB, Lima, Peru","Rmb Chilca, Lima, Peru",50
561,"RMB, Lima, Peru","Rmb Chilca, Lima, Peru",50
562,"RMB, Lima, Peru","Rmb Chilca, Lima, Peru",50
563,"Puente Piedra, Lima, Peru","Lurin, Lima, Peru",50
564,"Samred, Lima, Peru","RMB, Lima, Peru",0
565,"RMB, Lima, Peru","Lurin, Lima, Peru",50
566,"RMB, Lima, Peru","Lurin, Lima, Peru",50
567,"Lurin, Lima, Peru","Metalwork, Peru",250
568,"Macropolis, Lima, Peru","Metalwork, Peru",250
569,"Suc. Huancayo, Peru","Metalwork, Peru",350
570,"Macropolis, Lima, Peru","Rmb Chilca, Lima, Peru",50
571,"Divemotor Panamericana Sur, Lima, Peru","Lurin, Lima, Peru",0
572,"Lurin, Lima, Peru","Rmb Chilca, Lima, Peru",50
573,"Lurin, Lima, Peru","Rmb Chilca, Lima, Peru",50
574,"Av. Canada, Lima, Peru","Metalwork, Peru",400
575,"Macropolis, Lima, Peru","Remsina sac, Lima, Peru",50
576,"Macropolis, Lima, Peru","Remsina sac, Lima, Peru",50
577,"Lurin, Lima, Peru","Remsina sac, Lima, Peru",50
578,"Cerro de Pasco, Peru","Arequipa, Peru",500
579,"Trujillo, Peru","Arequipa, Peru",800
581,"Macropolis, Lima, Peru","Metalval, Peru",200
582,"Lurin, Lima, Peru","Cajamarca, Peru",400
592,"Nicolas Ayllon, Lima, Peru","Av. Canada, Lima, Peru",50
593,"Lurin, Lima, Peru","Remsina sac, Lima, Peru",50
594,"Macropolis, Lima, Peru","Divemotor Panamericana Sur, Lima, Peru",50
595,"Macropolis, Lima, Peru","Famedi, Lima, Peru",50
596,"Tumbes, Peru","Suc. Piura, Peru",600
597,"Nicolas Ayllon, Lima, Peru","Divemotor Panamericana Sur, Lima, Peru",50
598,"Divemotor Panamericana Sur, Lima, Peru","Faucett, Lima, Peru",50
599,"Lurin, Lima, Peru","Chorrillos, Lima, Peru",50
600,"Lurin, Lima, Peru","Chorrillos, Lima, Peru",50
602,"Lurin, Lima, Peru","Canada, Lima, Peru",50
604,"Lurin, Lima, Peru","Divemotor Panamericana Sur, Lima, Peru",50
605,"Av. Canada, Lima, Peru","Nicolas Ayllon, Lima, Peru",50
606,"Lurin, Lima, Peru","Chorrillos, Lima, Peru",50
607,"Lurin, Lima, Peru","Chorrillos, Lima, Peru",50
608,"Lurin, Lima, Peru","Trujillo, Peru",200
609,"Lurin, Lima, Peru","Trujillo, Peru",200
610,"Lurin, Lima, Peru","Jehova Work S.A.C, Peru",200
611,"Lurin, Lima, Peru","Jehova Work S.A.C, Peru",200
612,"Lurin, Lima, Peru","Divemotor Panamericana Sur, Lima, Peru",50
613,"Lurin, Lima, Peru","Divemotor Panamericana Sur, Lima, Peru",50
614,"Lurin, Lima, Peru","Divemotor Panamericana Sur, Lima, Peru",50
615,"Salvador Rodrigo, Lima, Peru","Lurin, Lima, Peru",50
616,"Puente Piedra, Lima, Peru","Lurin, Lima, Peru",50
617,"Puente Piedra, Lima, Peru","Lurin, Lima, Peru",50
618,"Puente Piedra, Lima, Peru","Lurin, Lima, Peru",50
619,"Faucett, Lima, Peru","RMB, Lima, Peru",50
620,"Divemotor Panamericana Sur, Lima, Peru","Lurin, Lima, Peru",0
621,"Divemotor Panamericana Sur, Lima, Peru","Macropolis, Lima, Peru",0
625,"RMB, Lima, Peru","Lurin, Lima, Peru",50
631,"Lurin, Lima, Peru","Divemotor Panamericana Sur, Lima, Peru",50
632,"Macropolis, Lima, Peru","Remsina sac, Lima, Peru",50
633,"Lurin, Lima, Peru","Chorrillos, Lima, Peru",50
634,"Trujillo, Peru","Suc. Piura, Peru",200
636,"Cpr, Lima, Peru","Divemotor Panamericana Sur, Lima, Peru",50
637,"Cpr, Lima, Peru","Divemotor Panamericana Sur, Lima, Peru",50
638,"Salvador Rodrigo, Lima, Peru","Lurin, Lima, Peru",50
639,"Solis, Lima, Peru","Lurin, Lima, Peru",50
640,"Divemotor Panamericana Sur, Lima, Peru","Lurin, Lima, Peru",50
642,"Macropolis, Lima, Peru","Juliaca, Peru",300
645,"Suc. Huancayo, Peru","Arequipa, Peru",600
646,"Suc. Huancayo, Peru","Arequipa, Peru",600
647,"Suc. Huancayo, Peru","Nicolas Ayllon, Lima, Peru",200
648,"Puente Piedra, Lima, Peru","Lurin, Lima, Peru",50
649,"Puente Piedra, Lima, Peru","Lurin, Lima, Peru",50
651,"Trujillo, Peru","Cusco, Peru",300
660,"Macropolis, Lima, Peru","Remsina sac, Lima, Peru",50
661,"Macropolis, Lima, Peru","Remsina sac, Lima, Peru",50
662,"Macropolis, Lima, Peru","Remsina sac, Lima, Peru",50
663,"Macropolis, Lima, Peru","Remsina sac, Lima, Peru",50
664,"Macropolis, Lima, Peru","Remsina sac, Lima, Peru",50
665,"Macropolis, Lima, Peru","Remsina sac, Lima, Peru",50
666,"Macropolis, Lima, Peru","Remsina sac, Lima, Peru",50
672,"Macropolis, Lima, Peru","Remsina sac, Lima, Peru",50
673,"Macropolis, Lima, Peru","Remsina sac, Lima, Peru",50
674,"Macropolis, Lima, Peru","Remsina sac, Lima, Peru",50
676,"Lurin, Lima, Peru","Divemotor Panamericana Sur, Lima, Peru",50
679,"Apple Glass, Lima, Peru","Macropolis, Lima, Peru",50
680,"Macropolis, Lima, Peru","Apple Glass, Lima, Peru",50
696,"Lurin, Lima, Peru","Solis, Lima, Peru",50
698,"Cenares, Lima, Peru","Solis, Lima, Peru",50
699,"Cenares, Lima, Peru","Solis, Lima, Peru",50
700,"Cenares, Lima, Peru","Solis, Lima, Peru",50
702,"Puente Piedra, Lima, Peru","Lurin, Lima, Peru",50
703,"Lurin, Lima, Peru","Divemotor Panamericana Sur, Lima, Peru",50
704,"Macropolis, Lima, Peru","Remsina sac, Lima, Peru",50
705,"Macropolis, Lima, Peru","Remsina sac, Lima, Peru",50
706,"Macropolis, Lima, Peru","Remsina sac, Lima, Peru",50
708,"Qyf, Lima, Peru","Icalu, Lima, Peru",50
710,"Macropolis, Lima, Peru","Famedi, Lima, Peru",50
711,"Lurin, Lima, Peru","Av. Canada, Lima, Peru",50
713,"Lurin, Lima, Peru","Divemotor Panamericana Sur, Lima, Peru",50
714,"Lurin, Lima, Peru","Divemotor Panamericana Sur, Lima, Peru",50
716,"Lurin, Lima, Peru","Divemotor Panamericana Sur, Lima, Peru",50
717,"Lurin, Lima, Peru","Divemotor Panamericana Sur, Lima, Peru",50
718,"Lurin, Lima, Peru","Divemotor Panamericana Sur, Lima, Peru",50
720,"Lurin, Lima, Peru","Divemotor Panamericana Sur, Lima, Peru",50
721,"Famedi, Lima, Peru","Lurin, Lima, Peru",50
723,"Lurin, Lima, Peru","Cusco, Peru",300
724,"Lurin, Lima, Peru","Av. Canada, Lima, Peru",50
728,"Faucett, Lima, Peru","Lurin, Lima, Peru",50
729,"Faucett, Lima, Peru","Lurin, Lima, Peru",50
736,"Lurin, Lima, Peru","Z1, Lima, Peru",50
737,"Lurin, Lima, Peru","Z1, Lima, Peru",50
738,"Juliaca, Peru","Arequipa, Peru",150
739,"Lurin, Lima, Peru","Faucett, Lima, Peru",50
740,"Lurin, Lima, Peru","Faucett, Lima, Peru",50
741,"Macropolis, Lima, Peru","Faucett, Lima, Peru",50
742,"Macropolis, Lima, Peru","Faucett, Lima, Peru",50
743,"Macropolis, Lima, Peru","Nicolas Ayllon, Lima, Peru",50
744,"Macropolis, Lima, Peru","Remsina sac, Lima, Peru",50
745,"Macropolis, Lima, Peru","Remsina sac, Lima, Peru",50
746,"Macropolis, Lima, Peru","Remsina sac, Lima, Peru",50
747,"Macropolis, Lima, Peru","Puente Piedra, Lima, Peru",50
748,"Arequipa, Peru","Juliaca, Peru",200
749,"Av. Canada, Lima, Peru","Macropolis, Lima, Peru",50
750,"Macropolis, Lima, Peru","Puente Piedra, Lima, Peru",50
751,"Trujillo, Peru","Cajamarca, Peru",250
752,"Lurin, Lima, Peru","Arequipa, Peru",350
753,"Nicolas Ayllon, Lima, Peru","Arequipa, Peru",350
754,"Nicolas Ayllon, Lima, Peru","Arequipa, Peru",350
755,"Nicolas Ayllon, Lima, Peru","Arequipa, Peru",350
756,"Trujillo, Peru","Piura, Peru",200
757,"Piura, Peru","Lurin, Lima, Peru",0
758,"Lurin, Lima, Peru","Faucett, Lima, Peru",0
759,"Lurin, Lima, Peru","Divemotor Panamericana Sur, Lima, Peru",50
760,"Lurin, Lima, Peru","Divemotor Panamericana Sur, Lima, Peru",50
761,"Lurin, Lima, Peru","Divemotor Panamericana Sur, Lima, Peru",50
762,"Lurin, Lima, Peru","Divemotor Panamericana Sur, Lima, Peru",50
763,"Macropolis, Lima, Peru","Faucett, Lima, Peru",50
764,"Lurin, Lima, Peru","Faucett, Lima, Peru",50
765,"Lurin, Lima, Peru","Faucett, Lima, Peru",50
766,"Lurin, Lima, Peru","Cusco, Peru",350
770,"RMB, Lima, Peru","Lurin, Lima, Peru",50
771,"RMB, Lima, Peru","Lurin, Lima, Peru",50
772,"RMB, Lima, Peru","Lurin, Lima, Peru",50
773,"RMB, Lima, Peru","Lurin, Lima, Peru",50
774,"Juliaca, Peru","Arequipa, Peru",200
775,"Macropolis, Lima, Peru","Famedi, Lima, Peru",50
776,"Trujillo, Peru","Macropolis, Lima, Peru",300
777,"Lurin, Lima, Peru","Divemotor Panamericana Sur, Lima, Peru",50
778,"Lurin, Lima, Peru","Divemotor Panamericana Sur, Lima, Peru",50
779,"Macropolis, Lima, Peru","Av. Canada, Lima, Peru",50
780,"Macropolis, Lima, Peru","Remsina sac, Lima, Peru",50
781,"Macropolis, Lima, Peru","Remsina sac, Lima, Peru",50
782,"Macropolis, Lima, Peru","Remsina sac, Lima, Peru",50
783,"Macropolis, Lima, Peru","Faucett, Lima, Peru",50
784,"Macropolis, Lima, Peru","San Martin de Porres, Lima, Peru",50
785,"Macropolis, Lima, Peru","San Martin de Porres, Lima, Peru",50
786,"Macropolis, Lima, Peru","San Martin de Porres, Lima, Peru",50
787,"Trujillo, Peru","Cajamarca, Peru",250
788,"Trujillo, Peru","Cajamarca, Peru",250
789,"Faucett, Lima, Peru","Local Cliente Trujillo, Peru",600
790,"Nicolas Ayllon, Lima, Peru","Remsina sac, Lima, Peru",600
791,"Lurin, Lima, Peru","San Jeronimo, Peru",600
792,"Lurin, Lima, Peru","San Jeronimo, Peru",600
793,"Lurin, Lima, Peru","San Jeronimo, Peru",600
794,"Lurin, Lima, Peru","San Jeronimo, Peru",600
795,"Lurin, Lima, Peru","Imaza / Bagua, Peru",600
796,"Lurin, Lima, Peru","Imaza / Bagua, Peru",600
797,"Lurin, Lima, Peru","Imaza / Bagua, Peru",600
798,"Lurin, Lima, Peru","Imaza / Bagua, Peru",600
799,"Lurin, Lima, Peru","Arequipa, Peru",300
800,"Lurin, Lima, Peru","Metalwork, Peru",250
801,"Remsina sac, Lima, Peru","Macropolis, Lima, Peru",50
802,"Remsina sac, Lima, Peru","Macropolis, Lima, Peru",50
803,"Remsina sac, Lima, Peru","Macropolis, Lima, Peru",50
804,"Lurin, Lima, Peru","Arequipa, Peru",300
805,"Lurin, Lima, Peru","Arequipa, Peru",300
806,"Macropolis, Lima, Peru","San Martin de Porres, Lima, Peru",50
807,"Macropolis, Lima, Peru","Divemotor Panamericana Sur, Lima, Peru",50
808,"Lurin, Lima, Peru","Pesco, Lima, Peru",50
809,"Lurin, Lima, Peru","Pesco, Lima, Peru",50
810,"Macropolis, Lima, Peru","Chosica, Lima, Peru",50
811,"Macropolis, Lima, Peru","Remsina sac, Lima, Peru",100
812,"Macropolis, Lima, Peru","Remsina sac, Lima, Peru",50
813,"Macropolis, Lima, Peru","Remsina sac, Lima, Peru",50
814,"Macropolis, Lima, Peru","Solis, Lima, Peru",50
815,"Macropolis, Lima, Peru","Solis, Lima, Peru",50
816,"Macropolis, Lima, Peru","Solis, Lima, Peru",50
817,"Lurin, Lima, Peru","Divemotor Panamericana Sur, Lima, Peru",50
818,"Lurin, Lima, Peru","Divemotor Panamericana Sur, Lima, Peru",50
819,"Lurin, Lima, Peru","Tumbes, Peru",600
820,"Lurin, Lima, Peru","Tumbes, Peru",600
821,"Lurin, Lima, Peru","Tumbes, Peru",600
822,"Lurin, Lima, Peru","Tumbes, Peru",600
823,"Lurin, Lima, Peru","Tumbes, Peru",900
824,"Macropolis, Lima, Peru","Metalval, Peru",1200
825,"Macropolis, Lima, Peru","Metalval, Peru",400
826,"Macropolis, Lima, Peru","Metalval, Peru",1200
827,"Macropolis, Lima, Peru","Metalval, Peru",400
831,"Samred, Lima, Peru","Lurin, Lima, Peru",50
834,"Lurin, Lima, Peru","Bertonati, Lima, Peru",50
835,"Lurin, Lima, Peru","Bertonati, Lima, Peru",50
837,"Lurin, Lima, Peru","Divemotor Panamericana Sur, Lima, Peru",50
845,"Puente Piedra, Lima, Peru","Lurin, Lima, Peru",50
849,"Macropolis, Lima, Peru","Arequipa, Peru",350
850,"Macropolis, Lima, Peru","Arequipa, Peru",350
851,"Macropolis, Lima, Peru","Arequipa, Peru",350
852,"Macropolis, Lima, Peru","Arequipa, Peru",350
853,"Lurin, Lima, Peru","Suc. Huancayo, Peru",200
856,Local Exhibicion Arequipa,Arequipa,0
857,Local Exhibicion Arequipa,Arequipa,0
861,"Iquitos, Peru","Belen / Maynas, Peru",500
865,"Faucett, Lima, Peru","Lurin, Lima, Peru",50
866,"Faucett, Lima, Peru","Lurin, Lima, Peru",50
867,"Lurin, Lima, Peru","Remsina sac, Lima, Peru",50
868,"Macropolis, Lima, Peru","Remsina sac, Lima, Peru",50
869,"Macropolis, Lima, Peru","Remsina sac, Lima, Peru",50
870,"Macropolis, Lima, Peru","Remsina sac, Lima, Peru",50
872,"Samred, Lima, Peru","RMB, Lima, Peru",50
874,"Trujillo, Peru","Suc. Piura, Peru",250
875,"Trujillo, Peru","Suc. Piura, Peru",250
876,"Lurin, Lima, Peru","Divemotor Panamericana Sur, Lima, Peru",50
877,"Lurin, Lima, Peru","Divemotor Panamericana Sur, Lima, Peru",50
878,"Macropolis, Lima, Peru","Solis, Lima, Peru",50
879,"Cpr, Lima, Peru","Divemotor Panamericana Sur, Lima, Peru",50
880,"Cpr, Lima, Peru","Divemotor Panamericana Sur, Lima, Peru",50
881,"Lurin, Lima, Peru","Bertonati, Lima, Peru",50
882,"Lurin, Lima, Peru","Bertonati, Lima, Peru",50
883,"Lurin, Lima, Peru","San Jeronimo, Peru",600
884,"Lurin, Lima, Peru","Corrales, Peru",600
885,"Lurin, Lima, Peru","Corrales, Peru",600
886,"Lurin, Lima, Peru","Corrales, Peru",600
887,"Lurin, Lima, Peru","Remsina sac, Lima, Peru",50
888,"Lurin, Lima, Peru","Remsina sac, Lima, Peru",50
891,"Canada, Lima, Peru","Lurin, Lima, Peru",50
892,"Canada, Lima, Peru","Lurin, Lima, Peru",50
893,"Lurin, Lima, Peru","Trujillo, Peru",350
894,"Famedi, Lima, Peru","Lurin, Lima, Peru",50
895,"Remsina sac, Lima, Peru","Lurin, Lima, Peru",50
896,"Puente Piedra, Lima, Peru","Lurin, Lima, Peru",50
897,"Remsina sac, Lima, Peru","Macropolis, Lima, Peru",50
898,"Remsina sac, Lima, Peru","Macropolis, Lima, Peru",50
899,"Remsina sac, Lima, Peru","Macropolis, Lima, Peru",50
900,"Lurin, Lima, Peru","Arequipa, Peru",350
901,"Lurin, Lima, Peru","Remsina sac, Lima, Peru",50
902,"Lurin, Lima, Peru","Remsina sac, Lima, Peru",50
903,"Macropolis, Lima, Peru","Puente Piedra, Lima, Peru",50
904,"Remsina sac, Lima, Peru","Macropolis, Lima, Peru",50
905,"Lurin, Lima, Peru","Canada, Lima, Peru",50
906,"Lurin, Lima, Peru","Apple Glass, Lima, Peru",50
907,"Av. Canada, Lima, Peru","Trujillo, Peru",400
908,"Av. Canada, Lima, Peru","Surquillo, Lima, Peru",50
909,"Macropolis, Lima, Peru","RMB, Lima, Peru",50
910,"Macropolis, Lima, Peru","RMB, Lima, Peru",50
911,"Remsina sac, Lima, Peru","Pesco, Lima, Peru",50
913,"Divemotor Panamericana Sur, Lima, Peru","Lurin, Lima, Peru",50
914,"Macropolis, Lima, Peru","Remsina sac, Lima, Peru",50
915,"Macropolis, Lima, Peru","Remsina sac, Lima, Peru",50
918,"Lurin, Lima, Peru","Pimentel / Chiclayo, Peru",400
919,"Lurin, Lima, Peru","Pimentel / Chiclayo, Peru",400
920,"Lurin, Lima, Peru","Caraz / Huaylas, Peru",200
921,"Lurin, Lima, Peru","Caraz / Huaylas, Peru",200
922,"Lurin, Lima, Peru","Caraz / Huaylas, Peru",200
923,"Comisaria Pachacamac, Lima, Peru","Macropolis, Lima, Peru",50
924,"Comisaria Puente Piedra, Lima, Peru","Macropolis, Lima, Peru",50
925,"Lurin, Lima, Peru","Divemotor Panamericana Sur, Lima, Peru",50
926,"Lurin, Lima, Peru","Divemotor Panamericana Sur, Lima, Peru",50
927,"Nicolas Ayllon, Lima, Peru","Cajamarca, Peru",400
928,"Famedi, Lima, Peru","Lurin, Lima, Peru",50
929,"Lurin, Lima, Peru","Cusco, Peru",300
930,"Lurin, Lima, Peru","Juliaca, Peru",300
931,"Apple Glas, Lima, Peru","Lurin, Lima, Peru",50
932,"Lurin, Lima, Peru","Huaraz, Peru",200
933,"RMB, Lima, Peru","Lurin, Lima, Peru",50
934,"RMB, Lima, Peru","Lurin, Lima, Peru",50
935,"RMB, Lima, Peru","Lurin, Lima, Peru",50
936,"Lurin, Lima, Peru","Arequipa, Peru",350
937,"Lurin, Lima, Peru","Arequipa, Peru",350
938,"Trujillo, Peru","Suc. Piura, Peru",250
940,"Trujillo, Peru","Cajamarca, Peru",250
942,"Macropolis, Lima, Peru","Trujillo, Peru",250
968,"Lurin, Lima, Peru","Divemotor Panamericana Sur, Lima, Peru",100
984,"Puente Piedra, Lima, Peru","RMB, Lima, Peru",50
985,"Macropolis, Lima, Peru","Divemotor Panamericana Sur, Lima, Peru",50
986,"RMB, Lima, Peru","Lurin, Lima, Peru",50
987,"RMB, Lima, Peru","Lurin, Lima, Peru",50
988,"Remsina sac, Lima, Peru","Lurin, Lima, Peru",50
989,"Lurin, Lima, Peru","Rimac, Lima, Peru",50
990,"Lurin, Lima, Peru","Chorillos, Lima, Peru",50
991,"Lurin, Lima, Peru","Chorillos, Lima, Peru",50
992,"Lurin, Lima, Peru","Chorillos, Lima, Peru",50
993,"Metalwork, Peru","Suc. Piura, Peru",250
994,"Metalwork, Peru","Suc. Piura, Peru",250
995,"Metalwork, Peru","Suc. Piura, Peru",250
996,"Lurin, Lima, Peru","Divemotor Panamericana Sur, Lima, Peru",50
997,"Chiclayo, Peru","Cajamarca, Peru",200
998,"Lurin, Lima, Peru","Chimbote, Peru",200
1001,"Faucett, Lima, Peru","Macropolis, Lima, Peru",50
1005,"Lurin, Lima, Peru","Revisión Técnica, Lima, Peru",50
1006,"Faucett, Lima, Peru","Macropolis, Lima, Peru",50
1007,"Macropolis, Lima, Peru","Remsina sac, Lima, Peru",50
1009,"Lurin, Lima, Peru","Divemotor Panamericana Sur, Lima, Peru",50
1010,"Lurin, Lima, Peru","Divemotor Panamericana Sur, Lima, Peru",50
1011,"Lurin, Lima, Peru","Divemotor Panamericana Sur, Lima, Peru",50
1012,"Arequipa, Peru","RMB, Lima, Peru",350
1013,"Macropolis, Lima, Peru","Juliaca, Peru",300
1014,"Lurin, Lima, Peru","Divemotor Panamericana Sur, Lima, Peru",50
1015,"Lurin, Lima, Peru","Rimac, Lima, Peru",50
1016,"Lurin, Lima, Peru","Rimac, Lima, Peru",50
1017,"Lurin, Lima, Peru","Rimac, Lima, Peru",50
1018,"Lurin, Lima, Peru","Chorillos, Lima, Peru",50
1022,"Lurin, Lima, Peru","Divemotor Panamericana Sur, Lima, Peru",50
1023,"Lurin, Lima, Peru","Divemotor Panamericana Sur, Lima, Peru",50
1024,"Lurin, Lima, Peru","Divemotor Panamericana Sur, Lima, Peru",50
1025,"Lurin, Lima, Peru","Divemotor Panamericana Sur, Lima, Peru",50
1026,"Lurin, Lima, Peru","Divemotor Panamericana Sur, Lima, Peru",50
1030,"Macropolis, Lima, Peru","Divemotor Panamericana Sur, Lima, Peru",50
1031,"Macropolis, Lima, Peru","Divemotor Panamericana Sur, Lima, Peru",50
1032,"Macropolis, Lima, Peru","Remsina sac, Lima, Peru",50
1033,"Macropolis, Lima, Peru","Remsina sac, Lima, Peru",50
1034,"Macropolis, Lima, Peru","Remsina sac, Lima, Peru",50
1035,"Lurin, Lima, Peru","Divemotor Panamericana Sur, Lima, Peru",50
1036,"Lurin, Lima, Peru","Divemotor Panamericana Sur, Lima, Peru",50
1037,"Lurin, Lima, Peru","Divemotor Panamericana Sur, Lima, Peru",50
1038,"Lurin, Lima, Peru","Trujillo, Peru",250
1039,"Macropolis, Lima, Peru","Famedi, Lima, Peru",50
1040,"Trujillo, Peru","Huaraz, Peru",250
1041,"FAMET, Lima, Peru","Buena vista Lurin, Lima, Peru",50
1042,"FAMET, Lima, Peru","Buena vista Lurin, Lima, Peru",50
1043,"Macropolis, Lima, Peru","Remsina sac, Lima, Peru",50
1044,"Macropolis, Lima, Peru","Remsina sac, Lima, Peru",50
1045,"Remsina sac, Lima, Peru","Macropolis, Lima, Peru",50
1046,"Remsina sac, Lima, Peru","Macropolis, Lima, Peru",50
1047,"Remsina sac, Lima, Peru","Macropolis, Lima, Peru",50
1048,"Pesco, Lima, Peru","Lurin, Lima, Peru",50
1049,"Pesco, Lima, Peru","Lurin, Lima, Peru",50
1050,"Solis, Lima, Peru","Lurin, Lima, Peru",50
1051,"Solis, Lima, Peru","Lurin, Lima, Peru",50
1052,"Solis, Lima, Peru","Lurin, Lima, Peru",50
1053,"Trujillo, Peru","Suc. Piura, Peru",150
1054,"Trujillo, Peru","Suc. Piura, Peru",150
1055,"Trujillo, Peru","Suc. Piura, Peru",150
1057,"Lurin, Lima, Peru","Arequipa, Peru",350
1058,"Remsina sac, Lima, Peru","Macropolis, Lima, Peru",50
1059,"Remsina sac, Lima, Peru","Macropolis, Lima, Peru",50
1060,"Macropolis, Lima, Peru","Trujillo, Peru",250
1061,"Lurin, Lima, Peru","Ancon, Lima, Peru",50
1062,"Lurin, Lima, Peru","Ancon, Lima, Peru",50
1063,"Divemotor Panamericana Sur, Lima, Peru","Divemotor Panamericana Sur, Lima, Peru",50
1064,"Divemotor Panamericana Sur, Lima, Peru","Divemotor Panamericana Sur, Lima, Peru",50
1065,"Divemotor Panamericana Sur, Lima, Peru","Divemotor Panamericana Sur, Lima, Peru",50
1066,"Pesco, Lima, Peru","Lurin, Lima, Peru",50
1067,"Pesco, Lima, Peru","Lurin, Lima, Peru",50
1068,"Solis, Lima, Peru","Lurin, Lima, Peru",50
1069,"Macropolis, Lima, Peru","Divemotor Panamericana Sur, Lima, Peru",50
1070,"MCM SOLUTIONS srl, Lima, Peru","Lurin, Lima, Peru",50
1072,"Lurin, Lima, Peru","Divemotor Panamericana Sur, Lima, Peru",50
1075,"Lurin, Lima, Peru","Divemotor Panamericana Sur, Lima, Peru",50
1076,"Lurin, Lima, Peru","Divemotor Panamericana Sur, Lima, Peru",50
1078,"Lurin, Lima, Peru","RMB, Lima, Peru",50
1079,"Nicolas Ayllon, Lima, Peru","Arequipa, Peru",500
1083,"Lurin, Lima, Peru","Huancayo, Peru",150
1084,"Faucett, Lima, Peru","Macropolis, Lima, Peru",50
1086,"Puente Piedra, Lima, Peru","Lurin, Lima, Peru",50
1087,"Puente Piedra, Lima, Peru","Lurin, Lima, Peru",50
1091,"Divemotor Panamericana Sur, Lima, Peru","Lurin, Lima, Peru",50
1092,"Divemotor Panamericana Sur, Lima, Peru","Lurin, Lima, Peru",50
1093,"Divemotor Panamericana Sur, Lima, Peru","Lurin, Lima, Peru",50
1094,"Lurin, Lima, Peru","Trujillo, Peru",200
1095,"Faucett, Lima, Peru","Macropolis, Lima, Peru",50
1098,"Lurin, Lima, Peru","Arequipa, Peru",350
1099,"Lurin, Lima, Peru","Suc. Lambayeque, Peru",350
1100,"Lurin, Lima, Peru","Trujillo, Peru",200
1102,"Lurin, Lima, Peru","Arequipa, Peru",350
1103,"Lurin, Lima, Peru","Arequipa, Peru",300
1104,"Samred, Lima, Peru","RMB, Lima, Peru",50
1105,"Samred, Lima, Peru","RMB, Lima, Peru",50
1109,"Lurin, Lima, Peru","Icalu, Lima, Peru",50
1110,"Solis, Lima, Peru","Lurin, Lima, Peru",50
1111,"Lurin, Lima, Peru","Belen / Maynas, Peru",700
1112,"Lurin, Lima, Peru","Belen / Maynas, Peru",900
1113,"Lurin, Lima, Peru","Arequipa, Peru",350
1118,"Lurin, Lima, Peru","Rmb Chilca, Lima, Peru",50
1119,"Lurin, Lima, Peru","RMB, Lima, Peru",50
1120,"Lurin, Lima, Peru","Trujillo, Peru",250
1121,"RMB, Lima, Peru","Lurin, Lima, Peru",50
1123,"RMB, Lima, Peru","Lurin, Lima, Peru",100
1124,"Arequipa, Peru","Nicolas Ayllon, Lima, Peru",250
1125,"Lurin, Lima, Peru","Trujillo, Peru",250
1126,"Lurin, Lima, Peru","Arequipa, Peru",350
1127,"Lurin, Lima, Peru","Arequipa, Peru",350
1128,"Lurin, Lima, Peru","Metalwork, Peru",300
1129,"Lurin, Lima, Peru","Nicolas Ayllon, Lima, Peru",50
1130,"Lurin, Lima, Peru","Divemotor Panamericana Sur, Lima, Peru",50
1131,"Macropolis, Lima, Peru","Divemotor Panamericana Sur, Lima, Peru",50
1132,"Lurin, Lima, Peru","Divemotor Panamericana Sur, Lima, Peru",50
1133,"Trujillo, Peru","Caraz / Huaylas, Peru",200
1134,"Trujillo, Peru","Caraz / Huaylas, Peru",200
1135,"Rmb Chilca, Lima, Peru","Certificadora, Lima, Peru",50
1136,"RMB, Lima, Peru","Certificadora, Lima, Peru",50
1137,"Nicolas Ayllon, Lima, Peru","Av. Canada, Lima, Peru",50
1138,"Lurin, Lima, Peru","Divemotor Panamericana Sur, Lima, Peru",50
1139,"Lurin, Lima, Peru","Divemotor Panamericana Sur, Lima, Peru",50
1140,"Puente Piedra, Lima, Peru","Lurin, Lima, Peru",50
1144,"Lurin, Lima, Peru","Divemotor Panamericana Sur, Lima, Peru",50
1145,"Lurin, Lima, Peru","RMB, Lima, Peru",150
1146,"Lurin, Lima, Peru","RMB, Lima, Peru",150
1147,"Pesco, Lima, Peru","Lurin, Lima, Peru",170
1148,"Pesco, Lima, Peru","Lurin, Lima, Peru",50
1149,"Pesco, Lima, Peru","Lurin, Lima, Peru",50
1150,"Lurin, Lima, Peru","Caraz / Huaylas, Peru",250
1151,"Lurin, Lima, Peru","Juliaca, Peru",300
1152,"Lurin, Lima, Peru","Av. Canada, Lima, Peru",100
1155,"Famedi, Lima, Peru","Lurin, Lima, Peru",50
1156,"Lurin, Lima, Peru","Suc. Lambayeque, Peru",350
1157,"Trujillo, Peru","Pimentel / Chiclayo, Peru",200
1158,"Trujillo, Peru","Pimentel / Chiclayo, Peru",350
1159,"Trujillo, Peru","Sullana, Peru",400
1160,"Trujillo, Peru","Sullana, Peru",450
1161,"Lurin, Lima, Peru","Divemotor Panamericana Sur, Lima, Peru",50
1162,"Remsina sac, Lima, Peru","Lurin, Lima, Peru",50
1163,"Lurin, Lima, Peru","Ancon, Lima, Peru",50
1164,"Lurin, Lima, Peru","RMB, Lima, Peru",50
1165,"Lurin, Lima, Peru","RMB, Lima, Peru",50
1166,"Macropolis, Lima, Peru","Remsina sac, Lima, Peru",50
1167,"Macropolis, Lima, Peru","Famedi, Lima, Peru",50
1168,"Macropolis, Lima, Peru","Famedi, Lima, Peru",50
1169,"Cerro de Pasco, Peru","Remsina sac, Lima, Peru",200
1170,"Macropolis, Lima, Peru","Remsina sac, Lima, Peru",50
1171,"Macropolis, Lima, Peru","Remsina sac, Lima, Peru",50
1172,"Macropolis, Lima, Peru","Remsina sac, Lima, Peru",50
1173,"Lurin, Lima, Peru","Divemotor Panamericana Sur, Lima, Peru",50
1174,"Lurin, Lima, Peru","Divemotor Panamericana Sur, Lima, Peru",100
1175,"Lurin, Lima, Peru","Divemotor Panamericana Sur, Lima, Peru",50
1176,"Lurin, Lima, Peru","Divemotor Panamericana Sur, Lima, Peru",50
1177,"Lurin, Lima, Peru","Divemotor Panamericana Sur, Lima, Peru",50
1181,"Macropolis, Lima, Peru","Famedi, Lima, Peru",100
1182,"Macropolis, Lima, Peru","Famedi, Lima, Peru",50
1184,"Pesco, Lima, Peru","Lurin, Lima, Peru",50
1186,"Canada, Lima, Peru","La Molina, Lima, Peru",50
1187,"Arriola, Lima, Peru","La Molina, Lima, Peru",50
1188,"Arriola, Lima, Peru","La Molina, Lima, Peru",50
1189,"Icalu, Lima, Peru","Lurin, Lima, Peru",50
1190,"Remsina sac, Lima, Peru","Lurin, Lima, Peru",50
1193,"Remsina sac, Lima, Peru","Lurin, Lima, Peru",50
1196,"Arequipa, Peru","Lurin, Lima, Peru",350
1199,"RMB, Lima, Peru","Lurin, Lima, Peru",50
1200,"Macropolis, Lima, Peru","Chosica, Lima, Peru",50
1203,"Lurin, Lima, Peru","Remsina sac, Lima, Peru",50
1204,"Macropolis, Lima, Peru","Remsina sac, Lima, Peru",50
1205,"Macropolis, Lima, Peru","Remsina sac, Lima, Peru",50
1206,"Remsina sac, Lima, Peru","Macropolis, Lima, Peru",50
1207,"Remsina sac, Lima, Peru","Macropolis, Lima, Peru",50
1208,"Trujillo, Peru","Huaraz, Peru",250
1209,"Lurin, Lima, Peru","San Jeronimo, Peru",1000
1210,"Lurin, Lima, Peru","San Jeronimo, Peru",1000
1212,"Lurin, Lima, Peru","Rmb Chilca, Lima, Peru",250
1213,"Lurin, Lima, Peru","Rmb Chilca, Lima, Peru",250
1214,"Lurin, Lima, Peru","Rmb Chilca, Lima, Peru",250
1223,"Lurin, Lima, Peru","RMB, Lima, Peru",50
1230,"Tacna, Peru","Lima, Peru",300
1231,"Lurin, Lima, Peru","Imaza / Bagua, Peru",1200
1232,"Lurin, Lima, Peru","Imaza / Bagua, Peru",1200
1233,"Lurin, Lima, Peru","Corrales, Peru",1300
1234,"Lurin, Lima, Peru","Corrales, Peru",1300
1235,"Lurin, Lima, Peru","Tumbes, Peru",1300
1236,"Lurin, Lima, Peru","Tumbes, Peru",1300
1237,"Lurin, Lima, Peru","RMB, Lima, Peru",50
1238,"Lurin, Lima, Peru","RMB, Lima, Peru",250
1239,"Lurin, Lima, Peru","Solis, Lima, Peru",50
1240,"Lurin, Lima, Peru","Solis, Lima, Peru",50
1241,"Macropolis, Lima, Peru","Metalval, Peru",350
1242,"Macropolis, Lima, Peru","Av. Canada, Lima, Peru",50
1245,"Macropolis, Lima, Peru","Remsina sac, Lima, Peru",50
1246,"Macropolis, Lima, Peru","Remsina sac, Lima, Peru",50
1247,"Lurin, Lima, Peru","Trujillo, Peru",300
1248,"Macropolis, Lima, Peru","Remsina sac, Lima, Peru",50
1249,"Macropolis, Lima, Peru","Remsina sac, Lima, Peru",50
1250,"Macropolis, Lima, Peru","Remsina sac, Lima, Peru",50
1251,"Macropolis, Lima, Peru","Divemotor Panamericana Sur, Lima, Peru",50
1252,"Macropolis, Lima, Peru","Divemotor Panamericana Sur, Lima, Peru",50
1253,"Macropolis, Lima, Peru","Divemotor Panamericana Sur, Lima, Peru",50
1254,"Macropolis, Lima, Peru","Divemotor Panamericana Sur, Lima, Peru",50
1255,"Macropolis, Lima, Peru","Divemotor Panamericana Sur, Lima, Peru",50
1256,"Macropolis, Lima, Peru","Divemotor Panamericana Sur, Lima, Peru",50
1258,"Lurin, Lima, Peru","Arequipa, Peru",350
1259,"Lurin, Lima, Peru","Arequipa, Peru",350
1260,"Lurin, Lima, Peru","Divemotor Panamericana Sur, Lima, Peru",50
1261,"Trujillo, Peru","Piura, Peru",200
1262,"Remsina sac, Lima, Peru","Lurin, Lima, Peru",50
1263,"Remsina sac, Lima, Peru","Lurin, Lima, Peru",50
1265,"Remsina sac, Lima, Peru","Lurin, Lima, Peru",50
1266,"Lurin, Lima, Peru","San Martin de Porres, Lima, Peru",50
1267,"Rmb Chilca, Lima, Peru","RMB, Lima, Peru",50
1269,"Metalwork, Peru","Suc. Piura, Peru",300
1272,"Samred, Lima, Peru","RMB, Lima, Peru",50
1273,"Samred, Lima, Peru","RMB, Lima, Peru",50
1274,"Macropolis, Lima, Peru","Divemotor Panamericana Sur, Lima, Peru",50
1275,"Lurin, Lima, Peru","Divemotor Panamericana Sur, Lima, Peru",50
1276,"Lurin, Lima, Peru","Divemotor Panamericana Sur, Lima, Peru",50
1277,"Lurin, Lima, Peru","Divemotor Panamericana Sur, Lima, Peru",50
1278,"Lurin, Lima, Peru","Divemotor Panamericana Sur, Lima, Peru",50
1279,"Macropolis, Lima, Peru","Chosica, Lima, Peru",50
1280,"Macropolis, Lima, Peru","Chosica, Lima, Peru",50
1281,"Cpr, Lima, Peru","Divemotor Panamericana Sur, Lima, Peru",50
1283,"Lurin, Lima, Peru","Cusco, Peru",400
1284,"Famedi, Lima, Peru","Lurin, Lima, Peru",50
1285,"Famedi, Lima, Peru","Lurin, Lima, Peru",50
1287,"Trujillo, Peru","Cajamarca, Peru",150
1288,"Macropolis, Lima, Peru","Remsina sac, Lima, Peru",50
1289,"Macropolis, Lima, Peru","Remsina sac, Lima, Peru",50
1290,"Macropolis, Lima, Peru","Remsina sac, Lima, Peru",50
1294,"Macropolis, Lima, Peru","Divemotor Panamericana Sur, Lima, Peru",150
1295,"Lurin, Lima, Peru","Ancon, Lima, Peru",50
1296,"Z1, Lima, Peru","Solis, Lima, Peru",50
1297,"Macropolis, Lima, Peru","Solis, Lima, Peru",50
1298,"Macropolis, Lima, Peru","Solis, Lima, Peru",50
1299,"Macropolis, Lima, Peru","Solis, Lima, Peru",50
1300,"Macropolis, Lima, Peru","Solis, Lima, Peru",50
1301,"Macropolis, Lima, Peru","Solis, Lima, Peru",50
1302,"Macropolis, Lima, Peru","Solis, Lima, Peru",50
1303,"Macropolis, Lima, Peru","Solis, Lima, Peru",50
1304,"Macropolis, Lima, Peru","Remsina sac, Lima, Peru",50
1305,"Nicolas Ayllon, Lima, Peru","Lurin, Lima, Peru",50
1306,"Lurin, Lima, Peru","Arequipa, Peru",300
1307,"Famedi, Lima, Peru","Lurin, Lima, Peru",50
1308,"Famedi, Lima, Peru","Lurin, Lima, Peru",50
1309,"Nicolas Ayllon, Lima, Peru","Cusco, Peru",400
1311,"Macropolis, Lima, Peru","Solis, Lima, Peru",50
1312,"Macropolis, Lima, Peru","Pesco, Lima, Peru",50
1313,"Macropolis, Lima, Peru","Cusco, Peru",300
1314,"Macropolis, Lima, Peru","Cusco, Peru",300
1323,"Macropolis, Lima, Peru","Remsina sac, Lima, Peru",50
1324,"Macropolis, Lima, Peru","Remsina sac, Lima, Peru",50
1325,"Macropolis, Lima, Peru","Remsina sac, Lima, Peru",50
1326,"Lurin, Lima, Peru","Cusco, Peru",500
1327,"Trujillo, Peru","Cajamarca, Peru",150
1328,"Remsina sac, Lima, Peru","Lurin, Lima, Peru",50
1329,"Remsina sac, Lima, Peru","Lurin, Lima, Peru",50
1330,"Remsina sac, Lima, Peru","Lurin, Lima, Peru",50
1331,"Av. Canada, Lima, Peru","Divemotor Panamericana Sur, Lima, Peru",50
1332,"Suc. Piura, Peru","Lurin, Lima, Peru",350
1333,"Cerro de Pasco, Peru","San Martin de Porres, Lima, Peru",150
1334,"Lurin, Lima, Peru","Canada, Lima, Peru",50
1335,"Lurin, Lima, Peru","Divemotor Panamericana Sur, Lima, Peru",50
1336,"Lurin, Lima, Peru","Divemotor Panamericana Sur, Lima, Peru",50
1337,"Lurin, Lima, Peru","Divemotor Panamericana Sur, Lima, Peru",50
1338,"Lurin, Lima, Peru","Divemotor Panamericana Sur, Lima, Peru",0
1339,"Divemotor Panamericana Sur, Lima, Peru","Divemotor Panamericana Sur, Lima, Peru",0
1340,"Divemotor Panamericana Sur, Lima, Peru","Divemotor Panamericana Sur, Lima, Peru",0
1341,"Divemotor Panamericana Sur, Lima, Peru","Divemotor Panamericana Sur, Lima, Peru",0
1342,"Divemotor Panamericana Sur, Lima, Peru","Divemotor Panamericana Sur, Lima, Peru",0
1343,"Samred, Lima, Peru","RMB, Lima, Peru",50
1344,"Solis, Lima, Peru","Z1, Lima, Peru",50
1345,"Z1, Lima, Peru","Solis, Lima, Peru",0
1346,"Lurin, Lima, Peru","Divemotor Panamericana Sur, Lima, Peru",50
1347,"Nicolas Ayllon, Lima, Peru","Trujillo, Peru",400
1348,"Lurin, Lima, Peru","Divemotor Panamericana Sur, Lima, Peru",0
1349,"Lurin, Lima, Peru","Divemotor Panamericana Sur, Lima, Peru",0
1350,"Macropolis, Lima, Peru","Samred, Lima, Peru",50
1351,"Av. Canada, Lima, Peru","Macropolis, Lima, Peru",50
1352,"Macropolis, Lima, Peru","Remsina sac, Lima, Peru",50
1353,"Macropolis, Lima, Peru","Remsina sac, Lima, Peru",50
1354,"Macropolis, Lima, Peru","Remsina sac, Lima, Peru",50
1355,"Macropolis, Lima, Peru","Famedi, Lima, Peru",50
1356,"Macropolis, Lima, Peru","Famedi, Lima, Peru",50
1359,"Lurin, Lima, Peru","Huaraz, Peru",150
1360,"Lurin, Lima, Peru","Arequipa, Peru",250
1361,"Canada, Lima, Peru","Trujillo, Peru",200
1362,"Divemotor Panamericana Sur, Lima, Peru","Macropolis, Lima, Peru",50
1363,"Divemotor Panamericana Sur, Lima, Peru","Macropolis, Lima, Peru",50
1364,"Divemotor Panamericana Sur, Lima, Peru","Macropolis, Lima, Peru",50
1365,"Divemotor Panamericana Sur, Lima, Peru","Macropolis, Lima, Peru",50
1366,"Remsina sac, Lima, Peru","Macropolis, Lima, Peru",50
1367,"Remsina sac, Lima, Peru","Macropolis, Lima, Peru",50
1368,"Lurin, Lima, Peru","Arequipa, Peru",350
1369,"Iquitos, Peru","Belen / Maynas, Peru",700
1370,"Iquitos, Peru","Belen / Maynas, Peru",0
1371,"Av. Canada, Lima, Peru","Macropolis, Lima, Peru",50
1372,"Lurin, Lima, Peru","Icalu, Lima, Peru",50
1373,"Huaraz, Peru","Metalval, Peru",150
1374,"Remsina sac, Lima, Peru","Pesco, Lima, Peru",0
1375,"Pesco, Lima, Peru","Lurin, Lima, Peru",50
1376,"Pesco, Lima, Peru","Lurin, Lima, Peru",50
1377,"Pesco, Lima, Peru","Lurin, Lima, Peru",0
1378,"Pesco, Lima, Peru","Lurin, Lima, Peru",50
1379,"Macropolis, Lima, Peru","Metalval, Peru",700
1381,"Macropolis, Lima, Peru","Metalval, Peru",700
1383,"Faucett, Lima, Peru","Faucett, Lima, Peru",0
1384,"Trujillo, Peru","Huaraz, Peru",150
1385,"Macropolis, Lima, Peru","Divemotor Panamericana Sur, Lima, Peru",50
1386,"Macropolis, Lima, Peru","Divemotor Panamericana Sur, Lima, Peru",50
1387,"Arequipa, Peru","Divemotor Panamericana Sur, Lima, Peru",350
1388,"Huaraz, Peru","Lurin, Lima, Peru",250
1392,"Samred, Lima, Peru","RMB, Lima, Peru",50
1394,"Cpr, Lima, Peru","Divemotor Panamericana Sur, Lima, Peru",0
1395,"Trujillo, Peru","Nicolas Ayllon, Lima, Peru",250
1396,"Macropolis, Lima, Peru","Divemotor Panamericana Sur, Lima, Peru",0
1397,"Macropolis, Lima, Peru","Divemotor Panamericana Sur, Lima, Peru",50
1398,"Macropolis, Lima, Peru","Divemotor Panamericana Sur, Lima, Peru",50
1400,"Lurin, Lima, Peru","Trujillo, Peru",250
1401,"Lurin, Lima, Peru","Trujillo, Peru",250
1402,"Divemotor Panamericana Sur, Lima, Peru","Av. Canada, Lima, Peru",50
1403,"Remsina sac, Lima, Peru","Salvador Rodrigo, Lima, Peru",0
1404,"Macropolis, Lima, Peru","RMB, Lima, Peru",50
1406,"Remsina sac, Lima, Peru","Macropolis, Lima, Peru",50
1407,"RMB, Lima, Peru","Lurin, Lima, Peru",50
1409,"Solis, Lima, Peru","Z1, Lima, Peru",50
1410,"Solis, Lima, Peru","Z1, Lima, Peru",50
1412,"Remsina sac, Lima, Peru","Macropolis, Lima, Peru",50
1413,"Remsina sac, Lima, Peru","Macropolis, Lima, Peru",50
1414,"Remsina sac, Lima, Peru","Macropolis, Lima, Peru",50
1415,"Samred, Lima, Peru","RMB, Lima, Peru",50
1417,"Trujillo, Peru","Lurin, Lima, Peru",200
1418,"Trujillo, Peru","Lurin, Lima, Peru",200
1419,"Solis, Lima, Peru","Z1, Lima, Peru",50
1420,"Solis, Lima, Peru","Z1, Lima, Peru",50
1421,"Lurin, Lima, Peru","Canada, Lima, Peru",50
1422,"Macropolis, Lima, Peru","Av. Canada, Lima, Peru",50
1423,"Lurin, Lima, Peru","Cusco, Peru",800
1424,"Salvador Rodrigo, Lima, Peru","Lurin, Lima, Peru",50
1425,Entidad Piura,Suc. Piura,150
1426,"Macropolis, Lima, Peru","Remsina sac, Lima, Peru",50
1427,"Macropolis, Lima, Peru","Remsina sac, Lima, Peru",50
1428,"Macropolis, Lima, Peru","Remsina sac, Lima, Peru",50
1429,"Famedi, Lima, Peru","Lurin, Lima, Peru",50
1430,"Famedi, Lima, Peru","Lurin, Lima, Peru",50
1431,"Puente Piedra, Lima, Peru","Lurin, Lima, Peru",50
1432,"Puente Piedra, Lima, Peru","Lurin, Lima, Peru",50
1433,"Puente Piedra, Lima, Peru","Lurin, Lima, Peru",50
1434,"Lurin, Lima, Peru","Apple Glass, Lima, Peru",50
1435,"Canada, Lima, Peru","Divemotor Panamericana Sur, Lima, Peru",0
1436,"Remsina sac, Lima, Peru","Pesco, Lima, Peru",0
1437,"Remsina sac, Lima, Peru","Pesco, Lima, Peru",0
1438,"Remsina sac, Lima, Peru","Pesco, Lima, Peru",0
1439,"Lurin, Lima, Peru","Trujillo, Peru",200
1440,"San Martin de Porres, Lima, Peru","Lurin, Lima, Peru",50
1441,"San Martin de Porres, Lima, Peru","Lurin, Lima, Peru",50
1442,"San Martin de Porres, Lima, Peru","Lurin, Lima, Peru",50
1443,"San Martin de Porres, Lima, Peru","Lurin, Lima, Peru",0
1444,"San Martin de Porres, Lima, Peru","Lurin, Lima, Peru",0
1445,"Divemotor Panamericana Sur, Lima, Peru","Faucett, Lima, Peru",50
1446,"Remsina sac, Lima, Peru","Macropolis, Lima, Peru",50
1447,"Remsina sac, Lima, Peru","Macropolis, Lima, Peru",50
1448,"Remsina sac, Lima, Peru","Macropolis, Lima, Peru",50
1449,"Divemotor Panamericana Sur, Lima, Peru","Lurin, Lima, Peru",0
1450,"Lurin, Lima, Peru","Arequipa, Peru",300
1451,"Lurin, Lima, Peru","Divemotor Panamericana Sur, Lima, Peru",50
1452,"Samred, Lima, Peru","RMB, Lima, Peru",50
1453,"Samred, Lima, Peru","RMB, Lima, Peru",0
1454,"Divemotor Panamericana Sur, Lima, Peru","Lurin, Lima, Peru",0
1455,"Macropolis, Lima, Peru","Chosica, Lima, Peru",0
1456,"Lurin, Lima, Peru","Pesco, Lima, Peru",50
1457,"Macropolis, Lima, Peru","Divemotor Panamericana Sur, Lima, Peru",50
1458,"Macropolis, Lima, Peru","Divemotor Panamericana Sur, Lima, Peru",50
1459,"Divemotor Panamericana Sur, Lima, Peru","Canada, Lima, Peru",0
1460,"Suc. Piura, Peru","Lurin, Lima, Peru",400
1461,"Faucett, Lima, Peru","Divemotor Panamericana Sur, Lima, Peru",0
1462,"Macropolis, Lima, Peru","Divemotor Panamericana Sur, Lima, Peru",50
1464,"Macropolis, Lima, Peru","Av. Canada, Lima, Peru",50
1465,"Lurin, Lima, Peru","Inka lider Automotriz, Peru",250
1466,"Macropolis, Lima, Peru","Divemotor Panamericana Sur, Lima, Peru",50
1467,"Macropolis, Lima, Peru","Divemotor Panamericana Sur, Lima, Peru",50
1468,"Macropolis, Lima, Peru","Divemotor Panamericana Sur, Lima, Peru",0
1469,"Macropolis, Lima, Peru","Suc. Huancayo, Peru",200
1470,"Macropolis, Lima, Peru","Suc. Huancayo, Peru",200
1471,"Solis, Lima, Peru","Lurin, Lima, Peru",0
1472,"Solis, Lima, Peru","Lurin, Lima, Peru",0
1473,"Solis, Lima, Peru","Lurin, Lima, Peru",0
1474,"Z1, Lima, Peru","Lurin, Lima, Peru",50
1475,"Lurin, Lima, Peru","Divemotor Panamericana Sur, Lima, Peru",50
1476,"Lurin, Lima, Peru","Divemotor Panamericana Sur, Lima, Peru",50
1477,"Lurin, Lima, Peru","Divemotor Panamericana Sur, Lima, Peru",50
1478,"Lurin, Lima, Peru","Divemotor Panamericana Sur, Lima, Peru",50
1479,"Lurin, Lima, Peru","Divemotor Panamericana Sur, Lima, Peru",50
1480,"Canada, Lima, Peru","Callao, Lima, Peru",0
1481,"Canada, Lima, Peru","Callao, Lima, Peru",0
1482,"Callao, Lima, Peru","Canada, Lima, Peru",0
1483,"Callao, Lima, Peru","Canada, Lima, Peru",0
1484,"Macropolis, Lima, Peru","Samred, Lima, Peru",150
1486,"Chosica, Lima, Peru","Macropolis, Lima, Peru",50
1487,"Canada, Lima, Peru","Divemotor Panamericana Sur, Lima, Peru",50
1489,"Macropolis, Lima, Peru","Famedi, Lima, Peru",50
1490,"Macropolis, Lima, Peru","Famedi, Lima, Peru",50
1491,"San Martin de Porres, Lima, Peru","Lurin, Lima, Peru",50
1492,"San Martin de Porres, Lima, Peru","Lurin, Lima, Peru",50
1495,"Trujillo, Peru","Cajamarca, Peru",150
1497,"Icalu, Lima, Peru","Lurin, Lima, Peru",50
1499,"Lurin, Lima, Peru","Divemotor Panamericana Sur, Lima, Peru",50
1500,"Lurin, Lima, Peru","Divemotor Panamericana Sur, Lima, Peru",50
1501,"Lurin, Lima, Peru","Divemotor Panamericana Sur, Lima, Peru",50
1502,"Lurin, Lima, Peru","Divemotor Panamericana Sur, Lima, Peru",50
1503,"Lurin, Lima, Peru","Divemotor Panamericana Sur, Lima, Peru",50
1504,"Solis, Lima, Peru","Lurin, Lima, Peru",50
1505,"Solis, Lima, Peru","Lurin, Lima, Peru",50
1506,"Solis, Lima, Peru","Lurin, Lima, Peru",150
1507,"Macropolis, Lima, Peru","Av. Canada, Lima, Peru",50
1509,"Macropolis, Lima, Peru","Canada, Lima, Peru",50
1510,"Lurin, Lima, Peru","Arequipa, Peru",250
1511,"Pesco, Lima, Peru","Lurin, Lima, Peru",50
1512,"Divemotor Panamericana Sur, Lima, Peru","Lurin, Lima, Peru",0
1513,"Divemotor Panamericana Sur, Lima, Peru","Lurin, Lima, Peru",0
1514,"Divemotor Panamericana Sur, Lima, Peru","Macropolis, Lima, Peru",0
1515,"Divemotor Panamericana Sur, Lima, Peru","Macropolis, Lima, Peru",0
1516,"Lurin, Lima, Peru","Av. Canada, Lima, Peru",0
1517,"Lurin, Lima, Peru","RMB, Lima, Peru",0
1518,"Av. Canada, Lima, Peru","Divemotor Panamericana Sur, Lima, Peru",0
1519,"Macropolis, Lima, Peru","Divemotor Panamericana Sur, Lima, Peru",150
1520,"Solis, Lima, Peru","Lurin, Lima, Peru",50
1521,"Macropolis, Lima, Peru","Samred, Lima, Peru",0
1522,"Macropolis, Lima, Peru","RMB, Lima, Peru",0
1523,"Macropolis, Lima, Peru","RMB, Lima, Peru",0
1524,"Solis, Lima, Peru","Z1, Lima, Peru",50
1525,"Divemotor Panamericana Sur, Lima, Peru","Lurin, Lima, Peru",50
1526,"RMB, Lima, Peru","Lurin, Lima, Peru",50
1527,"RMB, Lima, Peru","Lurin, Lima, Peru",50
1528,"RMB, Lima, Peru","Lurin, Lima, Peru",50
1529,"RMB, Lima, Peru","Lurin, Lima, Peru",50
1530,"Trujillo, Peru","Cajamarca, Peru",150
1531,"Cajamarca, Peru","Lurin, Lima, Peru",450
1532,"Trujillo, Peru","Cajamarca, Peru",150
1533,"Lurin, Lima, Peru","Divemotor Panamericana Sur, Lima, Peru",0
1534,"San Martin de Porres, Lima, Peru","Lurin, Lima, Peru",50
1535,"San Martin de Porres, Lima, Peru","Lurin, Lima, Peru",50
1536,"Lurin, Lima, Peru","Suc. Piura, Peru",400
1537,"Lurin, Lima, Peru","Suc. Piura, Peru",450
1538,"Lurin, Lima, Peru","Suc. Piura, Peru",450
1539,"Canada, Lima, Peru","Oxapampa, Peru",650
1540,Cia Cusco,Cusco,0
1541,Cia Cusco,Cusco,0
1542,"Rmb Chilca, Lima, Peru","RMB, Lima, Peru",0
1543,"Lurin, Lima, Peru","Suc. Piura, Peru",350
1544,"Z1, Lima, Peru","Lurin, Lima, Peru",50
1545,"Z1, Lima, Peru","Lurin, Lima, Peru",150
1546,"Z1, Lima, Peru","Lurin, Lima, Peru",0
1547,"Z1, Lima, Peru","Lurin, Lima, Peru",0
1549,"Canada, Lima, Peru","Santiago De Surco, Lima, Peru",150
1550,"Nicolas Ayllon, Lima, Peru","Pesco, Lima, Peru",0
1551,"Nicolas Ayllon, Lima, Peru","Lurin, Lima, Peru",50
1552,"Lurin, Lima, Peru","Divemotor Panamericana Sur, Lima, Peru",50
1553,"Macropolis, Lima, Peru","Chosica, Lima, Peru",0
1554,"Lurin, Lima, Peru","Nicolas Ayllon, Lima, Peru",50
1555,"Macropolis, Lima, Peru","Famedi, Lima, Peru",100
1556,"Macropolis, Lima, Peru","Famedi, Lima, Peru",50
1557,"Macropolis, Lima, Peru","Divemotor Panamericana Sur, Lima, Peru",50
1558,"Macropolis, Lima, Peru","Divemotor Panamericana Sur, Lima, Peru",50
1559,"Macropolis, Lima, Peru","Divemotor Panamericana Sur, Lima, Peru",50
1560,"Macropolis, Lima, Peru","Divemotor Panamericana Sur, Lima, Peru",50
1561,"Macropolis, Lima, Peru","Divemotor Panamericana Sur, Lima, Peru",50
1562,"Divemotor Panamericana Sur, Lima, Peru","Macropolis, Lima, Peru",50
1563,"Divemotor Panamericana Sur, Lima, Peru","Av. Canada, Lima, Peru",50
1564,"Z1, Lima, Peru","Lurin, Lima, Peru",50
1565,"Z1, Lima, Peru","Lurin, Lima, Peru",50
1567,"Macropolis, Lima, Peru","Solis, Lima, Peru",50
1568,"Macropolis, Lima, Peru","Solis, Lima, Peru",50
1569,"Macropolis, Lima, Peru","Solis, Lima, Peru",50
1570,"Macropolis, Lima, Peru","Solis, Lima, Peru",50
1571,"Macropolis, Lima, Peru","Solis, Lima, Peru",0
1572,"Macropolis, Lima, Peru","Solis, Lima, Peru",50
1573,"Macropolis, Lima, Peru","Divemotor Panamericana Sur, Lima, Peru",50
1574,"Macropolis, Lima, Peru","Divemotor Panamericana Sur, Lima, Peru",0
1575,"Macropolis, Lima, Peru","Divemotor Panamericana Sur, Lima, Peru",50
1577,"Samred, Lima, Peru","MCM SOLUTIONS srl, Lima, Peru",50
1578,"Remsina sac, Lima, Peru","Macropolis, Lima, Peru",50
1579,"Remsina sac, Lima, Peru","Macropolis, Lima, Peru",50
1580,"Remsina sac, Lima, Peru","Macropolis, Lima, Peru",50
1581,"Solis, Lima, Peru","Macropolis, Lima, Peru",0
1582,"Solis, Lima, Peru","Macropolis, Lima, Peru",50
1583,"Solis, Lima, Peru","Macropolis, Lima, Peru",0
1585,"Solis, Lima, Peru","Macropolis, Lima, Peru",50
1586,"Solis, Lima, Peru","Macropolis, Lima, Peru",0
1587,"Solis, Lima, Peru","Macropolis, Lima, Peru",50
1588,"Lurin, Lima, Peru","Trujillo, Peru",350
1589,"Lurin, Lima, Peru","Trujillo, Peru",100
1590,"Pesco, Lima, Peru","Lurin, Lima, Peru",0
1591,"Pesco, Lima, Peru","Lurin, Lima, Peru",50
1592,"Pesco, Lima, Peru","Lurin, Lima, Peru",50
1593,"Pesco, Lima, Peru","Lurin, Lima, Peru",50
1594,"Nicolas Ayllon, Lima, Peru","Lurin, Lima, Peru",50
1595,"Lurin, Lima, Peru","Cajamarca, Peru",250
1596,"Lurin, Lima, Peru","Suc. Piura, Peru",400
1597,"Samred, Lima, Peru","RMB, Lima, Peru",0
1598,"Lurin, Lima, Peru","Arequipa, Peru",0
1599,"Famedi, Lima, Peru","Lurin, Lima, Peru",50
1600,"Famedi, Lima, Peru","Lurin, Lima, Peru",50
1601,"Lurin, Lima, Peru","Cusco, Peru",500
1602,"RMB, Lima, Peru","Lurin, Lima, Peru",50
1603,"RMB, Lima, Peru","Lurin, Lima, Peru",50
1604,"Av. Canada, Lima, Peru","Arequipa, Peru",350
1605,"Santiago De Surco, Lima, Peru","Canada, Lima, Peru",0
1606,Arequipa,AQP Sistemas S.A.C,200
1607,Arequipa,AQP Sistemas S.A.C,0
1608,"Solis, Lima, Peru","Macropolis, Lima, Peru",50
1609,"Macropolis, Lima, Peru","Solis, Lima, Peru",0
1610,"Suc. Lambayeque, Peru","Trujillo, Peru",400
1611,"Oxapampa, Peru","Canada, Lima, Peru",0
1612,"Pesco, Lima, Peru","Lurin, Lima, Peru",50
1613,"Divemotor Panamericana Sur, Lima, Peru","Lurin, Lima, Peru",0
1614,"Divemotor Panamericana Sur, Lima, Peru","Lurin, Lima, Peru",0
1615,"Canada, Lima, Peru","Oza, Peru",250
1616,"Lurin, Lima, Peru","Divemotor Panamericana Sur, Lima, Peru",0
1617,"Lurin, Lima, Peru","Divemotor Panamericana Sur, Lima, Peru",0
1618,"Lurin, Lima, Peru","Divemotor Panamericana Sur, Lima, Peru",0
1619,"Lurin, Lima, Peru","Divemotor Panamericana Sur, Lima, Peru",0
1620,"Lurin, Lima, Peru","Divemotor Panamericana Sur, Lima, Peru",0
1621,"Lurin, Lima, Peru","Divemotor Panamericana Sur, Lima, Peru",0
1622,"Lurin, Lima, Peru","Divemotor Panamericana Sur, Lima, Peru",0
1623,"Lurin, Lima, Peru","Divemotor Panamericana Sur, Lima, Peru",0
1624,"Lurin, Lima, Peru","Remsina sac, Lima, Peru",0
1625,"RMB, Lima, Peru","Lurin, Lima, Peru",50
1626,"Divemotor Panamericana Sur, Lima, Peru","Macropolis, Lima, Peru",0
1627,"Divemotor Panamericana Sur, Lima, Peru","Macropolis, Lima, Peru",0
1628,"Divemotor Panamericana Sur, Lima, Peru","Macropolis, Lima, Peru",0
1629,"Divemotor Panamericana Sur, Lima, Peru","Macropolis, Lima, Peru",0
1631,"Lurin, Lima, Peru","Arequipa, Peru",450
1632,"Lurin, Lima, Peru","RMB, Lima, Peru",50
1633,"RMB, Lima, Peru","Lurin, Lima, Peru",0
1634,Suc. Piura,Entidad Piura,0
1635,"Trujillo, Peru","Canada, Lima, Peru",150
1636,"Macropolis, Lima, Peru","Faucett, Lima, Peru",50
1637,"Macropolis, Lima, Peru","Faucett, Lima, Peru",50
1638,"Macropolis, Lima, Peru","Famedi, Lima, Peru",50
1639,"Lurin, Lima, Peru","Remsina sac, Lima, Peru",50
1640,"Macropolis, Lima, Peru","Divemotor Panamericana Sur, Lima, Peru",50
1641,"Macropolis, Lima, Peru","Divemotor Panamericana Sur, Lima, Peru",50
1642,"Macropolis, Lima, Peru","Divemotor Panamericana Sur, Lima, Peru",50
1643,"Macropolis, Lima, Peru","Divemotor Panamericana Sur, Lima, Peru",50
1644,"Macropolis, Lima, Peru","Divemotor Panamericana Sur, Lima, Peru",50
1648,"Lurin, Lima, Peru","Canada, Lima, Peru",50
1649,"Lurin, Lima, Peru","Divemotor Panamericana Sur, Lima, Peru",50
1651,"Famedi, Lima, Peru","Lurin, Lima, Peru",50
1652,"Famedi, Lima, Peru","Lurin, Lima, Peru",50
1653,"Lurin, Lima, Peru","Arequipa, Peru",250
1654,"Lurin, Lima, Peru","Arequipa, Peru",250
1655,"Lurin, Lima, Peru","Arequipa, Peru",250
1656,"Canada, Lima, Peru","Nicolas Ayllon, Lima, Peru",50
1657,"RMB, Lima, Peru","Lurin, Lima, Peru",50
1658,"RMB, Lima, Peru","Lurin, Lima, Peru",50
1659,"RMB, Lima, Peru","Lurin, Lima, Peru",50
1660,"RMB, Lima, Peru","Lurin, Lima, Peru",50
1661,"RMB, Lima, Peru","Lurin, Lima, Peru",50
1662,"RMB, Lima, Peru","Lurin, Lima, Peru",50
1663,"RMB, Lima, Peru","Lurin, Lima, Peru",50
1664,"Lurin, Lima, Peru","Trujillo, Peru",250
1666,"Lurin, Lima, Peru","Suc. Lambayeque, Peru",350
1667,"Canada, Lima, Peru","Lurin, Lima, Peru",0
1668,"Nicolas Ayllon, Lima, Peru","Divemotor Panamericana Sur, Lima, Peru",0
1669,"Divemotor Panamericana Sur, Lima, Peru","Ica, Peru",0
1670,"Faucett, Lima, Peru","Lurin, Lima, Peru",50
1671,"Pesco, Lima, Peru","Lurin, Lima, Peru",50
1672,"Cpr, Lima, Peru","Divemotor Panamericana Sur, Lima, Peru",100
1673,"Cpr, Lima, Peru","Divemotor Panamericana Sur, Lima, Peru",50
1674,"Trujillo, Peru","Huaraz, Peru",200
1675,"Lurin, Lima, Peru","Divemotor Panamericana Sur, Lima, Peru",50
1676,"RMB, Lima, Peru","Lurin, Lima, Peru",50
1677,"Av. Canada, Lima, Peru","Remsina sac, Lima, Peru",0
1678,"Av. Canada, Lima, Peru","Remsina sac, Lima, Peru",0
1679,"Icalu, Lima, Peru","Lurin, Lima, Peru",50
1680,"Icalu, Lima, Peru","Lurin, Lima, Peru",50
1681,"Lurin, Lima, Peru","Tingo Maria, Peru",250
1682,"Lurin, Lima, Peru","Tingo Maria, Peru",250
1683,"Lurin, Lima, Peru","Divemotor Panamericana Sur, Lima, Peru",0
1684,"Lurin, Lima, Peru","Moquegua, Peru",400
1687,"Nicolas Ayllon, Lima, Peru","Tingo Maria, Peru",250
1688,"Nicolas Ayllon, Lima, Peru","Tingo Maria, Peru",250
1689,"Macropolis, Lima, Peru","San Martin de Porres, Lima, Peru",50
1690,"Lurin, Lima, Peru","Canada, Lima, Peru",0
1691,"Lurin, Lima, Peru","Canada, Lima, Peru",0
1692,"Lurin, Lima, Peru","Divemotor Panamericana Sur, Lima, Peru",0
1693,"Trujillo, Peru","Canada, Lima, Peru",0
1694,"Macropolis, Lima, Peru","Lurin, Lima, Peru",0
1695,"Macropolis, Lima, Peru","Lurin, Lima, Peru",0
1696,"Macropolis, Lima, Peru","Lurin, Lima, Peru",0
1697,"Macropolis, Lima, Peru","Lurin, Lima, Peru",0
1698,"Macropolis, Lima, Peru","Lurin, Lima, Peru",50
1699,"Suc. Lambayeque, Peru","Lurin, Lima, Peru",250
1700,"Trujillo, Peru","Lurin, Lima, Peru",200
1701,"Ica, Peru","Macropolis, Lima, Peru",0
1702,"Lurin, Lima, Peru","Divemotor Panamericana Sur, Lima, Peru",50
1703,"Lurin, Lima, Peru","Divemotor Panamericana Sur, Lima, Peru",50
1704,"Samred, Lima, Peru","RMB, Lima, Peru",0
1707,"Lurin, Lima, Peru","Arequipa, Peru",0
1708,"Divemotor Panamericana Sur, Lima, Peru","Lurin, Lima, Peru",0
1709,"Divemotor Panamericana Sur, Lima, Peru","Macropolis, Lima, Peru",0
1711,"Divemotor Panamericana Sur, Lima, Peru","Lurin, Lima, Peru",0
1712,"Divemotor Panamericana Sur, Lima, Peru","Lurin, Lima, Peru",0
1713,"Lurin, Lima, Peru","Trujillo, Peru",850
1714,"Lurin, Lima, Peru","Trujillo, Peru",300
1715,"Lurin, Lima, Peru","Trujillo, Peru",300
1716,"Lurin, Lima, Peru","Trujillo, Peru",300
1717,"RMB, Lima, Peru","Lurin, Lima, Peru",0
1718,"Trujillo, Peru","Macropolis, Lima, Peru",650
1719,"Samred, Lima, Peru","RMB, Lima, Peru",0
1720,"Samred, Lima, Peru","RMB, Lima, Peru",50
1721,"Macropolis, Lima, Peru","Solis, Lima, Peru",100
1722,"Macropolis, Lima, Peru","Remsina sac, Lima, Peru",100
1723,"RMB, Lima, Peru","Lurin, Lima, Peru",0
1724,"Divemotor Panamericana Sur, Lima, Peru","Lurin, Lima, Peru",0
1725,"Canada, Lima, Peru","Tingo Maria, Peru",200
1726,"Canada, Lima, Peru","Tingo Maria, Peru",200
1727,"Canada, Lima, Peru","Faucett, Lima, Peru",50
1728,"Canada, Lima, Peru","Faucett, Lima, Peru",50
1729,"Macropolis, Lima, Peru","Sahuanay & cia S.A.C, Lima, Peru",50
1730,"Lurin, Lima, Peru","Divemotor Panamericana Sur, Lima, Peru",100
1731,"Lurin, Lima, Peru","Divemotor Panamericana Sur, Lima, Peru",50
1732,"Lurin, Lima, Peru","Divemotor Panamericana Sur, Lima, Peru",50
1733,"Lurin, Lima, Peru","Divemotor Panamericana Sur, Lima, Peru",50
1734,"Trujillo, Peru","Lurin, Lima, Peru",250
1735,"Lurin, Lima, Peru","Arequipa, Peru",350
1736,"Trujillo, Peru","Faucett, Lima, Peru",250
1737,"Chosica, Lima, Peru","Aqp / Perumin // Aeropuerto Aqp, Peru",650
1738,"Lurin, Lima, Peru","Suc. Piura, Peru",0
1739,"Lurin, Lima, Peru","Suc. Piura, Peru",0
1740,"Macropolis, Lima, Peru","Samred, Lima, Peru",0
1741,"Lurin, Lima, Peru","Divemotor Panamericana Sur, Lima, Peru",50
1742,"Lurin, Lima, Peru","Divemotor Panamericana Sur, Lima, Peru",50
1743,"Lurin, Lima, Peru","Divemotor Panamericana Sur, Lima, Peru",50
1744,"Trujillo, Peru","Lurin, Lima, Peru",250
1745,"Lurin, Lima, Peru","Arequipa, Peru",250
1746,"Remsina sac, Lima, Peru","Lurin, Lima, Peru",0
1747,"Famedi, Lima, Peru","Lurin, Lima, Peru",0
1748,"Lurin, Lima, Peru","Trujillo, Peru",0
1749,"Lurin, Lima, Peru","Trujillo, Peru",0
1750,"RMB, Lima, Peru","Lurin, Lima, Peru",50
1751,"Lurin, Lima, Peru","Solis, Lima, Peru",100
1752,"RMB, Lima, Peru","Lurin, Lima, Peru",50
1753,"RMB, Lima, Peru","Lurin, Lima, Peru",50
1754,"Divemotor Panamericana Sur, Lima, Peru","Macropolis, Lima, Peru",50
1755,"Lurin, Lima, Peru","Local Cliente Midas, Lima, Peru",50
1757,"Lurin, Lima, Peru","San Martin de Porres, Lima, Peru",50
1759,"Lurin, Lima, Peru","Divemotor Panamericana Sur, Lima, Peru",50
1760,"Macropolis, Lima, Peru","Pesco, Lima, Peru",50
1761,"Macropolis, Lima, Peru","Pesco, Lima, Peru",50
1762,"Macropolis, Lima, Peru","Pesco, Lima, Peru",50
1764,"Lurin, Lima, Peru","Divemotor Panamericana Sur, Lima, Peru",50
1770,"Macropolis, Lima, Peru","Divemotor Panamericana Sur, Lima, Peru",50
1771,"Macropolis, Lima, Peru","Divemotor Panamericana Sur, Lima, Peru",50
1773,"Macropolis, Lima, Peru","Divemotor Panamericana Sur, Lima, Peru",50
1785,"Macropolis, Lima, Peru","RMB, Lima, Peru",50
1786,"Macropolis, Lima, Peru","RMB, Lima, Peru",50
1787,"Macropolis, Lima, Peru","RMB, Lima, Peru",50
1789,"Macropolis, Lima, Peru","RMB, Lima, Peru",50
1790,"Macropolis, Lima, Peru","RMB, Lima, Peru",50
1791,"Macropolis, Lima, Peru","RMB, Lima, Peru",50
1792,"RMB, Lima, Peru","Lurin, Lima, Peru",50
1793,"Macropolis, Lima, Peru","RMB, Lima, Peru",50
1794,"Macropolis, Lima, Peru","RMB, Lima, Peru",50
1795,"Macropolis, Lima, Peru","RMB, Lima, Peru",50
1801,"Lurin, Lima, Peru","Ica, Peru",100
1803,"Arequipa, Peru","RMB, Lima, Peru",300
1805,"Divemotor Panamericana Sur, Lima, Peru","Divemotor Panamericana Sur, Lima, Peru",50
1806,"Divemotor Panamericana Sur, Lima, Peru","Divemotor Panamericana Sur, Lima, Peru",50
1807,"Lurin, Lima, Peru","Divemotor Panamericana Sur, Lima, Peru",50
1808,"Macropolis, Lima, Peru","Remsina sac, Lima, Peru",50
1809,"Macropolis, Lima, Peru","Remsina sac, Lima, Peru",50
1810,"Macropolis, Lima, Peru","Remsina sac, Lima, Peru",50
1811,"Macropolis, Lima, Peru","Remsina sac, Lima, Peru",50
1812,"Macropolis, Lima, Peru","Remsina sac, Lima, Peru",50
1813,"Macropolis, Lima, Peru","RMB, Lima, Peru",50
1814,"Macropolis, Lima, Peru","RMB, Lima, Peru",50
1815,"Lurin, Lima, Peru","Divemotor Panamericana Sur, Lima, Peru",900
1816,"Lurin, Lima, Peru","Divemotor Panamericana Sur, Lima, Peru",900
1817,"Lurin, Lima, Peru","Divemotor Panamericana Sur, Lima, Peru",900
1818,"Macropolis, Lima, Peru","Famedi, Lima, Peru",50
1819,"Macropolis, Lima, Peru","Famedi, Lima, Peru",50
1820,"Macropolis, Lima, Peru","Sahuanay & cia S.A.C, Lima, Peru",50
1821,"Comisaria Mochumi, Peru","Trujillo, Peru",150
1822,"Cusco, Peru","Chosica, Lima, Peru",430
1823,"Cusco, Peru","Chosica, Lima, Peru",500
1824,"Cusco, Peru","Chosica, Lima, Peru",350
1825,"Cusco, Peru","Chosica, Lima, Peru",430
1826,"Lurin, Lima, Peru","Trujillo, Peru",450
1827,"Macropolis, Lima, Peru","RMB, Lima, Peru",50
1828,"Macropolis, Lima, Peru","RMB, Lima, Peru",50
1829,"Macropolis, Lima, Peru","RMB, Lima, Peru",50
1830,"Macropolis, Lima, Peru","RMB, Lima, Peru",50
1831,"Lurin, Lima, Peru","Arequipa, Peru",350
1832,"Lurin, Lima, Peru","Arequipa, Peru",350
1833,"Lurin, Lima, Peru","Suc. Piura, Peru",600
1834,"Lurin, Lima, Peru","Suc. Piura, Peru",400
1835,"Lurin, Lima, Peru","Arequipa, Peru",450
1836,"Pesco, Lima, Peru","Arequipa, Peru",750
1839,Arequipa,Aeropuerto,250
1841,Arequipa,Aeropuerto,100
1843,AQP Sistemas S.A.C,Arequipa,200
1844,AQP Sistemas S.A.C,Arequipa,0
1845,"Lurin, Lima, Peru","Divemotor Panamericana Sur, Lima, Peru",500
1850,"Tingo Maria, Peru","Canada, Lima, Peru",450
1851,"Tingo Maria, Peru","Canada, Lima, Peru",450
1852,"Divemotor Panamericana Sur, Lima, Peru","Nicolas Ayllon, Lima, Peru",400
1853,"Divemotor Panamericana Sur, Lima, Peru","Lurin, Lima, Peru",660
1854,"Divemotor Panamericana Sur, Lima, Peru","Nicolas Ayllon, Lima, Peru",950
1855,"Divemotor Panamericana Sur, Lima, Peru","Nicolas Ayllon, Lima, Peru",750
1856,"RMB, Lima, Peru","Lurin, Lima, Peru",50
1857,"Camisaria Casma, Peru","Trujillo, Peru",450
1858,"Camisaria Casma, Peru","Trujillo, Peru",450
1859,"Camisaria Casma, Peru","Trujillo, Peru",450
1864,"Macropolis, Lima, Peru","Solis, Lima, Peru",150
1866,"Lurin, Lima, Peru","Divemotor Panamericana Sur, Lima, Peru",500
1867,"Lurin, Lima, Peru","Divemotor Panamericana Sur, Lima, Peru",350
1868,"Lurin, Lima, Peru","Divemotor Panamericana Sur, Lima, Peru",400
1869,"Solis, Lima, Peru","Trujillo, Peru",300
1870,"Lurin, Lima, Peru","Suc. Piura, Peru",400
1871,"Lurin, Lima, Peru","Trujillo, Peru",300
1872,"Lurin, Lima, Peru","Trujillo, Peru",300
1873,"Divemotor Panamericana Sur, Lima, Peru","Macropolis, Lima, Peru",50
1879,"Lurin, Lima, Peru","Divemotor Panamericana Sur, Lima, Peru",200
1880,"Lurin, Lima, Peru","Divemotor Panamericana Sur, Lima, Peru",50
1881,"Divemotor Panamericana Sur, Lima, Peru","Lurin, Lima, Peru",50
1882,"Lurin, Lima, Peru","Divemotor Panamericana Sur, Lima, Peru",150
1883,"Divemotor Panamericana Sur, Lima, Peru","Lurin, Lima, Peru",150
1884,"Divemotor Panamericana Sur, Lima, Peru",Suc. Piura,0
1885,"Macropolis, Lima, Peru","Remsina sac, Lima, Peru",50
1886,"Macropolis, Lima, Peru","Remsina sac, Lima, Peru",50
1887,"Macropolis, Lima, Peru","Remsina sac, Lima, Peru",50
1888,"Macropolis, Lima, Peru","Remsina sac, Lima, Peru",50
1889,"Av. Canada, Lima, Peru","Lurin, Lima, Peru",50
1892,"Sahuanay & cia S.A.C, Lima, Peru","Macropolis, Lima, Peru",50
1894,"Cpr, Lima, Peru","Divemotor Panamericana Sur, Lima, Peru",50
1895,"Cpr, Lima, Peru","Divemotor Panamericana Sur, Lima, Peru",50
1896,"Trujillo, Peru","Suc. Piura, Peru",300
1898,"Solis, Lima, Peru","Lurin, Lima, Peru",50
1899,"Lurin, Lima, Peru","Trujillo, Peru",350
1900,"Lurin, Lima, Peru","Trujillo, Peru",350
1901,"Lurin, Lima, Peru","Trujillo, Peru",300
1902,"Lurin, Lima, Peru","Suc. Huancayo, Peru",250
1904,"Lurin, Lima, Peru","Suc. Huancayo, Peru",250
1906,"Lurin, Lima, Peru","Suc. Lambayeque, Peru",500
1907,"Lurin, Lima, Peru","Suc. Lambayeque, Peru",400
1908,"Pesco, Lima, Peru","Lurin, Lima, Peru",50
1909,"Pesco, Lima, Peru","Lurin, Lima, Peru",50
1910,"Lurin, Lima, Peru","Divemotor Panamericana Sur, Lima, Peru",400
1911,"Lurin, Lima, Peru","Divemotor Panamericana Sur, Lima, Peru",0
1912,"Divemotor Panamericana Sur, Lima, Peru","Lurin, Lima, Peru",50
1913,"RMB, Lima, Peru","Lurin, Lima, Peru",50
1914,"RMB, Lima, Peru","Lurin, Lima, Peru",50
1915,"RMB, Lima, Peru","Lurin, Lima, Peru",50
1916,"Lurin, Lima, Peru","Divemotor Panamericana Sur, Lima, Peru",100
1917,"Solis, Lima, Peru","Lurin, Lima, Peru",50
1918,"Solis, Lima, Peru","Lurin, Lima, Peru",50
1919,"Solis, Lima, Peru","Lurin, Lima, Peru",50
1920,"Pesco, Lima, Peru","Lurin, Lima, Peru",50
1921,"Lurin, Lima, Peru","Nicolas Ayllon, Lima, Peru",50
1922,"Macropolis, Lima, Peru","Divemotor Panamericana Sur, Lima, Peru",50
1923,"Lurin, Lima, Peru","Incamotors Ica, Peru",250
1924,"Lurin, Lima, Peru","Divemotor Panamericana Sur, Lima, Peru",50
1925,"Divemotor Panamericana Sur, Lima, Peru","Faucett, Lima, Peru",50
1926,"Lurin, Lima, Peru","Divemotor Panamericana Sur, Lima, Peru",500
1927,"Lurin, Lima, Peru","Divemotor Panamericana Sur, Lima, Peru",500
1928,"Divemotor Panamericana Sur, Lima, Peru","Lurin, Lima, Peru",0
1929,"Divemotor Panamericana Sur, Lima, Peru","Lurin, Lima, Peru",0
1930,"Solis, Lima, Peru","Lurin, Lima, Peru",50
1931,"Solis, Lima, Peru","Lurin, Lima, Peru",50
1932,"Solis, Lima, Peru","Lurin, Lima, Peru",50
1933,"Solis, Lima, Peru","Lurin, Lima, Peru",50
1936,"Faucett, Lima, Peru","Divemotor Panamericana Sur, Lima, Peru",50
1937,"Faucett, Lima, Peru","Divemotor Panamericana Sur, Lima, Peru",50
1938,"Divemotor Panamericana Sur, Lima, Peru","Macropolis, Lima, Peru",0
1939,"Famedi, Lima, Peru","Lurin, Lima, Peru",50
1940,"Famedi, Lima, Peru","Lurin, Lima, Peru",50
1942,"Lurin, Lima, Peru","Suc. Huancayo, Peru",200
1943,"Lurin, Lima, Peru","Suc. Huancayo, Peru",200
1944,"Lurin, Lima, Peru","Chiclayo, Peru",450
1945,"Lurin, Lima, Peru","Chiclayo, Peru",350
1946,Suc. Piura,"Divemotor Panamericana Sur, Lima, Peru",0
1947,"Faucett, Lima, Peru","Divemotor Panamericana Sur, Lima, Peru",50
1948,"Lurin, Lima, Peru","Divemotor Panamericana Sur, Lima, Peru",50
1949,"Macropolis, Lima, Peru","Remsina sac, Lima, Peru",50
1950,"Samred, Lima, Peru","RMB, Lima, Peru",50
1951,"Samred, Lima, Peru","RMB, Lima, Peru",50
1952,"Samred, Lima, Peru","RMB, Lima, Peru",50
1953,"RMB, Lima, Peru","Lurin, Lima, Peru",50
1954,"RMB, Lima, Peru","Lurin, Lima, Peru",50
1955,"RMB, Lima, Peru","Lurin, Lima, Peru",50
1956,"RMB, Lima, Peru","Lurin, Lima, Peru",50
1957,"Cajamarca, Peru","Canada, Lima, Peru",200
1958,"Arequipa, Peru","Juliaca, Peru",200
1959,"Macropolis, Lima, Peru","Remsina sac, Lima, Peru",50
1961,"Cusco, Peru","Nicolas Ayllon, Lima, Peru",900
1962,"Faucett, Lima, Peru","Divemotor Panamericana Sur, Lima, Peru",50
1963,"Divemotor Panamericana Sur, Lima, Peru","Faucett, Lima, Peru",0
1964,"Lurin, Lima, Peru","Divemotor Panamericana Sur, Lima, Peru",50
1965,"Macropolis, Lima, Peru","Divemotor Panamericana Sur, Lima, Peru",50
1966,"Macropolis, Lima, Peru","Divemotor Panamericana Sur, Lima, Peru",50
1967,"Macropolis, Lima, Peru","Divemotor Panamericana Sur, Lima, Peru",50
1968,"Macropolis, Lima, Peru","Divemotor Panamericana Sur, Lima, Peru",50
1969,"Macropolis, Lima, Peru","Divemotor Panamericana Sur, Lima, Peru",0
1970,"Macropolis, Lima, Peru","Divemotor Panamericana Sur, Lima, Peru",50
1971,"Macropolis, Lima, Peru","Divemotor Panamericana Sur, Lima, Peru",0
1972,"Macropolis, Lima, Peru","Divemotor Panamericana Sur, Lima, Peru",0
1973,"Macropolis, Lima, Peru","Divemotor Panamericana Sur, Lima, Peru",0
1974,"Lurin, Lima, Peru","Divemotor Panamericana Sur, Lima, Peru",300
1975,"Macropolis, Lima, Peru","Divemotor Panamericana Sur, Lima, Peru",50
1976,"Macropolis, Lima, Peru","Divemotor Panamericana Sur, Lima, Peru",50
1977,"Macropolis, Lima, Peru","Divemotor Panamericana Sur, Lima, Peru",50
1978,"Macropolis, Lima, Peru","Divemotor Panamericana Sur, Lima, Peru",50
1979,"Macropolis, Lima, Peru","Divemotor Panamericana Sur, Lima, Peru",0
1980,"Macropolis, Lima, Peru","Av. Canada, Lima, Peru",50
1981,"Macropolis, Lima, Peru","Divemotor Panamericana Sur, Lima, Peru",50
1982,"Juliaca, Peru","Arequipa, Peru",0
1983,"Lurin, Lima, Peru","Trujillo, Peru",300
1984,"Lurin, Lima, Peru","Trujillo, Peru",250
1985,"Lurin, Lima, Peru","Trujillo, Peru",600
1986,"Lurin, Lima, Peru","Trujillo, Peru",300
1987,"Lurin, Lima, Peru","Arequipa, Peru",300
1988,"Chosica, Lima, Peru","Macropolis, Lima, Peru",50
1989,"Lurin, Lima, Peru","Chiclayo, Peru",350
1990,"Lurin, Lima, Peru","Icalu, Lima, Peru",50
1991,"Av. Canada, Lima, Peru","Nicolas Ayllon, Lima, Peru",50
1992,"Trujillo, Peru","Suc. Piura, Peru",300
1994,"Macropolis, Lima, Peru","Divemotor Panamericana Sur, Lima, Peru",50
1995,"Macropolis, Lima, Peru","Divemotor Panamericana Sur, Lima, Peru",50
1996,"Macropolis, Lima, Peru","Divemotor Panamericana Sur, Lima, Peru",50
1997,"Macropolis, Lima, Peru","Divemotor Panamericana Sur, Lima, Peru",50
1998,"Macropolis, Lima, Peru","Divemotor Panamericana Sur, Lima, Peru",50
1999,"Macropolis, Lima, Peru","Solis, Lima, Peru",50
2000,"Macropolis, Lima, Peru","Divemotor Panamericana Sur, Lima, Peru",50
2001,"Icalu, Lima, Peru","Lurin, Lima, Peru",0
2002,"Lurin, Lima, Peru","Divemotor Panamericana Sur, Lima, Peru",50
2004,"Macropolis, Lima, Peru","Solis, Lima, Peru",50
2005,"Macropolis, Lima, Peru","Solis, Lima, Peru",50
2006,"Divemotor Panamericana Sur, Lima, Peru","Macropolis, Lima, Peru",50
2007,"Macropolis, Lima, Peru","Divemotor Panamericana Sur, Lima, Peru",0
2008,"Macropolis, Lima, Peru","Divemotor Panamericana Sur, Lima, Peru",0
2009,"Macropolis, Lima, Peru","Divemotor Panamericana Sur, Lima, Peru",0
2010,"Macropolis, Lima, Peru","Divemotor Panamericana Sur, Lima, Peru",0
2011,"Macropolis, Lima, Peru","Divemotor Panamericana Sur, Lima, Peru",0
2012,"Macropolis, Lima, Peru","Famedi, Lima, Peru",50
2014,"Macropolis, Lima, Peru","Famedi, Lima, Peru",50
2015,"Sahuanay & cia S.A.C, Lima, Peru","Macropolis, Lima, Peru",50
2019,"Macropolis, Lima, Peru","Solis, Lima, Peru",50
2020,"Macropolis, Lima, Peru","Solis, Lima, Peru",50
2021,"Macropolis, Lima, Peru","Solis, Lima, Peru",50
2028,"San Martin de Porres, Lima, Peru","Lurin, Lima, Peru",50
2035,"Lurin, Lima, Peru","Divemotor Panamericana Sur, Lima, Peru",50
2036,"Lurin, Lima, Peru","Divemotor Panamericana Sur, Lima, Peru",50
2038,"Macropolis, Lima, Peru","Faucett, Lima, Peru",50
2040,"Remsina sac, Lima, Peru","Macropolis, Lima, Peru",50
2041,"Lurin, Lima, Peru","Divemotor Panamericana Sur, Lima, Peru",50
2049,"Divemotor Panamericana Sur, Lima, Peru","Macropolis, Lima, Peru",50
2050,"MCM SOLUTIONS srl, Lima, Peru","Lurin, Lima, Peru",50
2052,"Macropolis, Lima, Peru","Nicolas Ayllon, Lima, Peru",50
2053,"Macropolis, Lima, Peru","Nicolas Ayllon, Lima, Peru",50
2066,"Lurin, Lima, Peru","Faucett, Lima, Peru",50
2067,"Macropolis, Lima, Peru","Divemotor Panamericana Sur, Lima, Peru",50
2068,"Macropolis, Lima, Peru","Divemotor Panamericana Sur, Lima, Peru",50
2069,"Macropolis, Lima, Peru","Divemotor Panamericana Sur, Lima, Peru",50
2070,"Macropolis, Lima, Peru","Divemotor Panamericana Sur, Lima, Peru",50
2071,"Macropolis, Lima, Peru","Divemotor Panamericana Sur, Lima, Peru",50
2083,"Pesco, Lima, Peru","Lurin, Lima, Peru",50
2084,"Pesco, Lima, Peru","Lurin, Lima, Peru",50
2085,"Pesco, Lima, Peru","Lurin, Lima, Peru",50
